id,modulo,caso de la matriz,estatus en la matriz,automatizado,prueba,que valida el codigo,etiquetas,comando,motivo si falta
PF_CP_001,Expediente Login,"Validación de inicio de sesión con usuario correcto, contraseña incorrecta",Fallado,si,LoginPruebas#pfCp001UsuarioCorrectoContrasenaIncorrecta,Usuario correcto y contrasena incorrecta,"login, humo",mvn test -Dtest='LoginPruebas#pfCp001UsuarioCorrectoContrasenaIncorrecta',
PF_CP_002,Expediente Login,"Validación de inicio de sesión con usuario incorrecto, contraseña correcta",Exitoso,si,LoginPruebas#pfCp002UsuarioIncorrectoContrasenaCorrecta,Usuario incorrecto y contrasena correcta,login,mvn test -Dtest='LoginPruebas#pfCp002UsuarioIncorrectoContrasenaCorrecta',
PF_CP_003,Expediente Login,"Validación de inicio de sesión con usuario incorrecto, contraseña incorrecta",Exitoso,si,LoginPruebas#pfCp003UsuarioYContrasenaIncorrectos,Usuario y contrasena incorrectos,login,mvn test -Dtest='LoginPruebas#pfCp003UsuarioYContrasenaIncorrectos',
PF_CP_004,Expediente Login,"Validación de inicio de sesión con usuario correcto, contraseña correcta",Exitoso,si,LoginPruebas#pfCp004UsuarioYContrasenaCorrectos,Usuario y contrasena correctos,"login, humo",mvn test -Dtest='LoginPruebas#pfCp004UsuarioYContrasenaCorrectos',
PF_CP_005,Expediente Login,Validación de la recuperación de contraseña,Cancelado,no,,,,,La matriz lo marca Cancelado.
PF_CP_006,Cambiar contraseña,Cambiar contraseña,Cancelado,no,,,,,La matriz lo marca Cancelado.
PF_CP_007,Cambiar contraseña,Características contraseña,Cancelado,no,,,,,La matriz lo marca Cancelado.
PF_CP_008,Expediente pantalla Inicio,Validacion de pantalla de inicio,Exitoso,si,NavegacionPruebas#pfCp008GraficaDeInicio,Pantalla de Inicio con la grafica de solicitudes,"navegacion, humo",mvn test -Dtest='NavegacionPruebas#pfCp008GraficaDeInicio',
PF_CP_009,Expediente pantalla Inicio,Validacion de pantalla de inicio,Exitoso,si,NavegacionPruebas#pfCp009TablaDeInicio,Pantalla de Inicio con la tabla de solicitudes,navegacion,mvn test -Dtest='NavegacionPruebas#pfCp009TablaDeInicio',
PF_CP_010,Expediente pantalla usuario,Validación de la pantalla de Usuarios,Exitoso,si,NavegacionPruebas#pfCp010PantallaUsuarios,Pantalla de Usuarios con sus botones,navegacion,mvn test -Dtest='NavegacionPruebas#pfCp010PantallaUsuarios',
PF_CP_011,Expediente pantalla usuario,Validación de la funcionalidad del botón Agregar Usuario,No Ejecutado,si,UsuariosValidacionesPruebas#pfCp011FormularioDeAltaDeUsuario,El alta de usuario muestra todos sus campos y botones,"validaciones, usuarios",mvn test -Dtest='UsuariosValidacionesPruebas#pfCp011FormularioDeAltaDeUsuario',
PF_CP_012,Expediente pantalla usuario,Validar campo Area,No Ejecutado,si,UsuariosValidacionesPruebas#pfCp012ListaArea,La lista Area muestra las opciones esperadas,"validaciones, usuarios",mvn test -Dtest='UsuariosValidacionesPruebas#pfCp012ListaArea',
PF_CP_013,Expediente pantalla usuario,Validar campo Tipo de usuario,No Ejecutado,si,UsuariosValidacionesPruebas#pfCp013ListaTipoDeUsuario,La lista Tipo de usuario muestra las opciones esperadas,"validaciones, usuarios",mvn test -Dtest='UsuariosValidacionesPruebas#pfCp013ListaTipoDeUsuario',
PF_CP_014,Expediente pantalla usuario,Validar Campo Nombres,No Ejecutado,si,UsuariosValidacionesPruebas#elCampoDebePermitir35Caracteres ; UsuariosValidacionesPruebas#elCampoNoDebePermitirNumerosNiEspeciales ; UsuariosValidacionesPruebas#elCampoVacioNoDebePermitirGuardar,Maximo de 35 caracteres por campo,"validaciones, usuarios",mvn test -Dtest='UsuariosValidacionesPruebas#elCampoDebePermitir35Caracteres',
PF_CP_015,Expediente pantalla usuario,Validar Campo Apellidos,No Ejecutado,si,UsuariosValidacionesPruebas#elCampoDebePermitir35Caracteres ; UsuariosValidacionesPruebas#elCampoNoDebePermitirNumerosNiEspeciales ; UsuariosValidacionesPruebas#elCampoVacioNoDebePermitirGuardar,Maximo de 35 caracteres por campo,"validaciones, usuarios",mvn test -Dtest='UsuariosValidacionesPruebas#elCampoDebePermitir35Caracteres',
PF_CP_016,Expediente pantalla usuario,Validar Campo Cargo,No Ejecutado,si,UsuariosValidacionesPruebas#elCampoDebePermitir35Caracteres ; UsuariosValidacionesPruebas#elCampoNoDebePermitirNumerosNiEspeciales ; UsuariosValidacionesPruebas#elCampoVacioNoDebePermitirGuardar,Maximo de 35 caracteres por campo,"validaciones, usuarios",mvn test -Dtest='UsuariosValidacionesPruebas#elCampoDebePermitir35Caracteres',
PF_CP_017,Expediente pantalla usuario,Validar Campo Correo Electrónico,No Ejecutado,si,UsuariosValidacionesPruebas#pfCp017CampoCorreoElectronico,El correo electronico exige formato de correo,"validaciones, usuarios",mvn test -Dtest='UsuariosValidacionesPruebas#pfCp017CampoCorreoElectronico',
PF_CP_018,Expediente pantalla usuario,Validar Campo Teléfono Móvil,No Ejecutado,si,UsuariosValidacionesPruebas#pfCp018TelefonoMovil,Telefono movil solo 10 caracteres numericos,"validaciones, usuarios, defecto_conocido",mvn test -Dtest='UsuariosValidacionesPruebas#pfCp018TelefonoMovil',
PF_CP_019,Expediente pantalla usuario,Validar Campo Teléfono Fijo,No Ejecutado,si,UsuariosValidacionesPruebas#pfCp019TelefonoFijo,Telefono fijo solo 10 caracteres numericos,"validaciones, usuarios",mvn test -Dtest='UsuariosValidacionesPruebas#pfCp019TelefonoFijo',
PF_CP_020,Expediente pantalla usuario,Validación de la funcionalidad del botón Guardar registro,No Ejecutado,si,UsuariosAltasPruebas#pfCp020GuardarRegistroDeUsuario,Guardar registro da de alta al usuario y la tabla lo muestra activo,"ola5, usuarios, escribe_datos",mvn test -Dtest='UsuariosAltasPruebas#pfCp020GuardarRegistroDeUsuario',
PF_CP_021,Expediente pantalla usuario,Validación de la funcionalidad del botón Cancelar,No Ejecutado,si,UsuariosValidacionesPruebas#pfCp021BotonCancelar,Cancelar regresa a la pantalla de Usuarios sin guardar,"validaciones, usuarios",mvn test -Dtest='UsuariosValidacionesPruebas#pfCp021BotonCancelar',
PF_CP_022,Expediente pantalla usuario,Validar descargar Layout,No Ejecutado,si,DescargasPruebas#descargarElLayoutDeCargaMasiva,El layout de carga masiva trae las columnas de la matriz,"descargas, defecto_conocido",mvn test -Dtest='DescargasPruebas#descargarElLayoutDeCargaMasiva',
PF_CP_023,Expediente pantalla usuario,Validación de la funcionalidad del botón Carga masiva de usuarios,No Ejecutado,no,,,,,Carga masiva: falta el layout oficial valido.
PF_CP_024,Expediente pantalla usuario,,,no,,,,,Carga masiva: falta el layout oficial invalido.
PF_CP_025,Expediente pantalla usuario,,,no,,,,,Carga masiva: falta el layout oficial invalido.
PF_CP_026,Expediente pantalla usuario,,,si,UsuariosConsultasPruebas#pfCp026ActualizarLaTabla,El boton Actualizar tabla recarga la tabla de usuarios,"consultas, usuarios",mvn test -Dtest='UsuariosConsultasPruebas#pfCp026ActualizarLaTabla',
PF_CP_027,Expediente pantalla usuario,,,si,DescargasPruebas#exportarUsuariosAExcel,Exportar a excel descarga la tabla de usuarios,descargas,mvn test -Dtest='DescargasPruebas#exportarUsuariosAExcel',
PF_CP_028,Expediente pantalla usuario,,,si,UsuariosConsultasPruebas#pfCp028FiltrarPorNombre ; UsuariosConsultasPruebas#pfCp028FiltrarPorCorreo ; UsuariosConsultasPruebas#pfCp028FiltrarPorRol ; UsuariosConsultasPruebas#pfCp028FiltrarPorEstatus,El filtro de usuarios busca por nombre,"consultas, usuarios",mvn test -Dtest='UsuariosConsultasPruebas#pfCp028FiltrarPorNombre',
PF_CP_029,Expediente pantalla usuario,,,si,UsuariosConsultasPruebas#pfCp029LimpiarLosFiltros,El boton Limpiar borra los cuatro filtros de usuarios,"consultas, usuarios",mvn test -Dtest='UsuariosConsultasPruebas#pfCp029LimpiarLosFiltros',
PF_CP_030,Expediente pantalla usuario,,,si,UsuariosConsultasPruebas#pfCp030VerDetalleDelUsuario,Ver detalle muestra los datos del usuario,"consultas, usuarios",mvn test -Dtest='UsuariosConsultasPruebas#pfCp030VerDetalleDelUsuario',
PF_CP_031,Expediente pantalla usuario,,,no,,,,,Repite PF_CP_012 (duplicado en la matriz).
PF_CP_032,Expediente pantalla usuario,,,no,,,,,Repite PF_CP_013 (duplicado en la matriz).
PF_CP_033,Expediente pantalla usuario,,,no,,,,,Repite PF_CP_014 (duplicado en la matriz).
PF_CP_034,Expediente pantalla usuario,,,no,,,,,Repite PF_CP_015 (duplicado en la matriz).
PF_CP_035,Expediente pantalla usuario,,,no,,,,,Repite PF_CP_016 (duplicado en la matriz).
PF_CP_036,Expediente pantalla usuario,,,no,,,,,Repite PF_CP_017 (duplicado en la matriz).
PF_CP_037,Expediente pantalla usuario,,,no,,,,,Repite PF_CP_018 (duplicado en la matriz).
PF_CP_038,Expediente pantalla usuario,,,no,,,,,Repite PF_CP_019 (duplicado en la matriz).
PF_CP_039,Expediente pantalla usuario,Validar la modificación de datos en detalles de usuario,No Ejecutado,si,UsuariosAltasPruebas#pfCp039DetalleDelUsuario,"Detalle del usuario: editar datos, generar contraseña y cancelar","ola5, usuarios, escribe_datos",mvn test -Dtest='UsuariosAltasPruebas#pfCp039DetalleDelUsuario',
PF_CP_040,Expediente pantalla usuario,Validación del botón generar contraseña sobre el detalle de información de usuario,No Ejecutado,si,UsuariosAltasPruebas#pfCp039DetalleDelUsuario,"Detalle del usuario: editar datos, generar contraseña y cancelar","ola5, usuarios, escribe_datos",mvn test -Dtest='UsuariosAltasPruebas#pfCp039DetalleDelUsuario',
PF_CP_041,Expediente pantalla usuario,Validación del boton de cancelar,No Ejecutado,si,UsuariosAltasPruebas#pfCp039DetalleDelUsuario,"Detalle del usuario: editar datos, generar contraseña y cancelar","ola5, usuarios, escribe_datos",mvn test -Dtest='UsuariosAltasPruebas#pfCp039DetalleDelUsuario',
PF_CP_042,Expediente pantalla usuario,Validar botón Desactivar,No Ejecutado,si,UsuariosAltasPruebas#pfCp042DesactivarYActivarUsuario,Desactivar un usuario (aceptar y cancelar el modal) y volver a activarlo,"ola5, usuarios, escribe_datos",mvn test -Dtest='UsuariosAltasPruebas#pfCp042DesactivarYActivarUsuario',
PF_CP_043,Expediente pantalla usuario,Tap botón Aceptar,No Ejecutado,si,UsuariosAltasPruebas#pfCp042DesactivarYActivarUsuario,Desactivar un usuario (aceptar y cancelar el modal) y volver a activarlo,"ola5, usuarios, escribe_datos",mvn test -Dtest='UsuariosAltasPruebas#pfCp042DesactivarYActivarUsuario',
PF_CP_044,Expediente pantalla usuario,Tap botón Cancelar,No Ejecutado,si,UsuariosAltasPruebas#pfCp042DesactivarYActivarUsuario,Desactivar un usuario (aceptar y cancelar el modal) y volver a activarlo,"ola5, usuarios, escribe_datos",mvn test -Dtest='UsuariosAltasPruebas#pfCp042DesactivarYActivarUsuario',
PF_CP_045,Expediente pantalla usuario,Validar botón Activar usuario,No Ejecutado,si,UsuariosAltasPruebas#pfCp042DesactivarYActivarUsuario,Desactivar un usuario (aceptar y cancelar el modal) y volver a activarlo,"ola5, usuarios, escribe_datos",mvn test -Dtest='UsuariosAltasPruebas#pfCp042DesactivarYActivarUsuario',
PF_CP_046,Expediente pantalla catalogos,Validación de la pantalla del menú Catálogos,No Ejecutado,si,CatalogosPruebas#pfCp046LaListaMuestraLosCatalogosEsperados ; NavegacionPruebas#pfCp046MenuCatalogos,La lista muestra todos los catalogos esperados,"catalogos, humo",mvn test -Dtest='CatalogosPruebas#pfCp046LaListaMuestraLosCatalogosEsperados',
PF_CP_047,Expediente pantalla Catálogos - Nacionalidades,Validación de la pantalla del menú Catálogos - Nacionalidades,No Ejecutado,si,CatalogosConsultasPruebas#laPantallaDelCatalogoMuestraSuTabla ; CatalogosPruebas#cadaCatalogoMuestraSuTabla,Pantalla del catalogo con su boton Agregar elemento y su tabla,consultas,mvn test -Dtest='CatalogosConsultasPruebas#laPantallaDelCatalogoMuestraSuTabla',
PF_CP_048,Expediente pantalla Catálogos - Nacionalidades,Validación del botón agregar elemento del menú de catálogos - nacionalidades,No Ejecutado,si,CatalogosAltasPruebas#nacionalidades,"Nacionalidades: agregar, editar, inactivar y activar un elemento","ola5, catalogos, escribe_datos",mvn test -Dtest='CatalogosAltasPruebas#nacionalidades',
PF_CP_049,Expediente pantalla Catálogos - Nacionalidades,Validar Numero de caracteres,No Ejecutado,si,CatalogosConsultasPruebas#elCampoDelCatalogoRespetaSuMaximo,Maximo de caracteres del alta del catalogo,consultas,mvn test -Dtest='CatalogosConsultasPruebas#elCampoDelCatalogoRespetaSuMaximo',
PF_CP_050,Expediente pantalla Catálogos - Nacionalidades,Validación del botón ver detalle del menú de catálogos - nacionalidades,No Ejecutado,si,CatalogosConsultasPruebas#elDetalleDelCatalogoMuestraSusDatos,"Ver detalle del catalogo con sus campos, EDITAR DATOS y la X",consultas,mvn test -Dtest='CatalogosConsultasPruebas#elDetalleDelCatalogoMuestraSusDatos',
PF_CP_051,Expediente pantalla Catálogos - Nacionalidades,Validación de la edición de alguna nacionalidad sobre el detalle del menú de catálogos - nacionalidades,No Ejecutado,si,CatalogosAltasPruebas#nacionalidades,"Nacionalidades: agregar, editar, inactivar y activar un elemento","ola5, catalogos, escribe_datos",mvn test -Dtest='CatalogosAltasPruebas#nacionalidades',
PF_CP_052,Expediente pantalla Catálogos - Nacionalidades,Validación de la funcinalidad del botón inactivar,No Ejecutado,si,CatalogosAltasPruebas#nacionalidades,"Nacionalidades: agregar, editar, inactivar y activar un elemento","ola5, catalogos, escribe_datos",mvn test -Dtest='CatalogosAltasPruebas#nacionalidades',
PF_CP_053,Expediente pantalla Catálogos - Nacionalidades,Validación de la funcinalidad del botón activar registro,No Ejecutado,si,CatalogosAltasPruebas#nacionalidades,"Nacionalidades: agregar, editar, inactivar y activar un elemento","ola5, catalogos, escribe_datos",mvn test -Dtest='CatalogosAltasPruebas#nacionalidades',
PF_CP_054,Expediente pantalla Catálogos - Profesiones,Validación de la pantalla del menú Catálogos - Profesiones,No Ejecutado,si,CatalogosConsultasPruebas#laPantallaDelCatalogoMuestraSuTabla ; CatalogosPruebas#cadaCatalogoMuestraSuTabla,Pantalla del catalogo con su boton Agregar elemento y su tabla,consultas,mvn test -Dtest='CatalogosConsultasPruebas#laPantallaDelCatalogoMuestraSuTabla',
PF_CP_055,Expediente pantalla Catálogos - Profesiones,Validación del botón agregar elemento del menú de catálogos - Profesiones,No Ejecutado,si,CatalogosAltasPruebas#profesiones,"Profesiones: agregar, editar, inactivar y activar un elemento","ola5, catalogos, escribe_datos",mvn test -Dtest='CatalogosAltasPruebas#profesiones',
PF_CP_056,Expediente pantalla Catálogos - Profesiones,Validar Numero de caracteres,No Ejecutado,si,CatalogosConsultasPruebas#elCampoDelCatalogoRespetaSuMaximo,Maximo de caracteres del alta del catalogo,consultas,mvn test -Dtest='CatalogosConsultasPruebas#elCampoDelCatalogoRespetaSuMaximo',
PF_CP_057,Expediente pantalla Catálogos - Profesiones,Validación del botón ver detalle del menú de catálogos - Profesiones,No Ejecutado,si,CatalogosConsultasPruebas#elDetalleDelCatalogoMuestraSusDatos,"Ver detalle del catalogo con sus campos, EDITAR DATOS y la X",consultas,mvn test -Dtest='CatalogosConsultasPruebas#elDetalleDelCatalogoMuestraSusDatos',
PF_CP_058,Expediente pantalla Catálogos - Profesiones,Validación de la edición de alguna Profesiones sobre el detalle del menú de catálogos - Profesiones,No Ejecutado,si,CatalogosAltasPruebas#profesiones,"Profesiones: agregar, editar, inactivar y activar un elemento","ola5, catalogos, escribe_datos",mvn test -Dtest='CatalogosAltasPruebas#profesiones',
PF_CP_059,Expediente pantalla Catálogos - Profesiones,Validación de la funcinalidad del botón inactivar,No Ejecutado,si,CatalogosAltasPruebas#profesiones,"Profesiones: agregar, editar, inactivar y activar un elemento","ola5, catalogos, escribe_datos",mvn test -Dtest='CatalogosAltasPruebas#profesiones',
PF_CP_060,Expediente pantalla Catálogos - Profesiones,Validación de la funcinalidad del botón activar registro,No Ejecutado,si,CatalogosAltasPruebas#profesiones,"Profesiones: agregar, editar, inactivar y activar un elemento","ola5, catalogos, escribe_datos",mvn test -Dtest='CatalogosAltasPruebas#profesiones',
PF_CP_061,Expediente pantalla Catálogos - Campaña,Validación de la pantalla del menú Catálogos - Campaña,No Ejecutado,si,CatalogosConsultasPruebas#laPantallaDelCatalogoMuestraSuTabla ; CatalogosPruebas#cadaCatalogoMuestraSuTabla,Pantalla del catalogo con su boton Agregar elemento y su tabla,consultas,mvn test -Dtest='CatalogosConsultasPruebas#laPantallaDelCatalogoMuestraSuTabla',
PF_CP_062,Expediente pantalla Catálogos - Campaña,Validación del botón agregar elemento del menú de catálogos - Campaña,No Ejecutado,si,CatalogosAltasPruebas#campana,"Campaña: agregar, editar, inactivar y activar un elemento","ola5, catalogos, escribe_datos",mvn test -Dtest='CatalogosAltasPruebas#campana',
PF_CP_063,Expediente pantalla Catálogos - Campaña,Validar Numero de caracteres campo Codigo,No Ejecutado,si,CatalogosConsultasPruebas#pfCp063MaximoDelCodigoDeCampana,El campo Codigo de Campaña acepta como maximo 250 caracteres,"consultas, defecto_conocido",mvn test -Dtest='CatalogosConsultasPruebas#pfCp063MaximoDelCodigoDeCampana',
PF_CP_064,Expediente pantalla Catálogos - Campaña,Validar Numero de caracteres campo promotor,No Ejecutado,si,CatalogosConsultasPruebas#elCampoDelCatalogoRespetaSuMaximo,Maximo de caracteres del alta del catalogo,consultas,mvn test -Dtest='CatalogosConsultasPruebas#elCampoDelCatalogoRespetaSuMaximo',
PF_CP_065,Expediente pantalla Catálogos - Campaña,Validación del botón ver detalle del menú de catálogos - Campaña,No Ejecutado,si,CatalogosConsultasPruebas#elDetalleDelCatalogoMuestraSusDatos,"Ver detalle del catalogo con sus campos, EDITAR DATOS y la X",consultas,mvn test -Dtest='CatalogosConsultasPruebas#elDetalleDelCatalogoMuestraSusDatos',
PF_CP_066,Expediente pantalla Catálogos - Campaña,Validación de la edición de alguna Campaña sobre el detalle del menú de catálogos - Campaña,No Ejecutado,si,CatalogosAltasPruebas#campana,"Campaña: agregar, editar, inactivar y activar un elemento","ola5, catalogos, escribe_datos",mvn test -Dtest='CatalogosAltasPruebas#campana',
PF_CP_067,Expediente pantalla Catálogos - Campaña,Validación de la funcinalidad del botón inactivar,No Ejecutado,si,CatalogosAltasPruebas#campana,"Campaña: agregar, editar, inactivar y activar un elemento","ola5, catalogos, escribe_datos",mvn test -Dtest='CatalogosAltasPruebas#campana',
PF_CP_068,Expediente pantalla Catálogos - Campaña,Validación de la funcinalidad del botón activar registro,No Ejecutado,si,CatalogosAltasPruebas#campana,"Campaña: agregar, editar, inactivar y activar un elemento","ola5, catalogos, escribe_datos",mvn test -Dtest='CatalogosAltasPruebas#campana',
PF_CP_069,Expediente pantalla Catálogos - Codigo de pais,Validación de la pantalla del menú Catálogos - Codigo de pais,No Ejecutado,si,CatalogosConsultasPruebas#laPantallaDelCatalogoMuestraSuTabla ; CatalogosPruebas#cadaCatalogoMuestraSuTabla,Pantalla del catalogo con su boton Agregar elemento y su tabla,consultas,mvn test -Dtest='CatalogosConsultasPruebas#laPantallaDelCatalogoMuestraSuTabla',
PF_CP_070,Expediente pantalla Catálogos - Codigo de pais,Validación del botón agregar elemento del menú de catálogos - Codigo de pais,No Ejecutado,si,CatalogosAltasPruebas#codigoDePais,"Codigo de pais: agregar, editar, inactivar y activar un elemento","ola5, catalogos, escribe_datos",mvn test -Dtest='CatalogosAltasPruebas#codigoDePais',
PF_CP_071,Expediente pantalla Catálogos - Codigo de pais,Validar Numero de caracteres campo Codigo,No Ejecutado,si,CatalogosConsultasPruebas#pfCp071MaximoDelCodigoDePais,El campo Codigo de Codigo de pais acepta 100 caracteres,"consultas, regla_por_confirmar",mvn test -Dtest='CatalogosConsultasPruebas#pfCp071MaximoDelCodigoDePais',
PF_CP_072,Expediente pantalla Catálogos - Codigo de pais,Validación del botón ver detalle del menú de catálogos - Codigo de pais,No Ejecutado,si,CatalogosConsultasPruebas#elDetalleDelCatalogoMuestraSusDatos,"Ver detalle del catalogo con sus campos, EDITAR DATOS y la X",consultas,mvn test -Dtest='CatalogosConsultasPruebas#elDetalleDelCatalogoMuestraSusDatos',
PF_CP_073,Expediente pantalla Catálogos - Codigo de pais,Validación de la edición de algun codigo de pais sobre el detalle del menú de catálogos - Codigo de pais,No Ejecutado,si,CatalogosAltasPruebas#codigoDePais,"Codigo de pais: agregar, editar, inactivar y activar un elemento","ola5, catalogos, escribe_datos",mvn test -Dtest='CatalogosAltasPruebas#codigoDePais',
PF_CP_074,Expediente pantalla Catálogos - Codigo de pais,Validación de la funcinalidad del botón inactivar,No Ejecutado,si,CatalogosAltasPruebas#codigoDePais,"Codigo de pais: agregar, editar, inactivar y activar un elemento","ola5, catalogos, escribe_datos",mvn test -Dtest='CatalogosAltasPruebas#codigoDePais',
PF_CP_075,Expediente pantalla Catálogos - Codigo de pais,Validación de la funcinalidad del botón activar registro,No Ejecutado,si,CatalogosAltasPruebas#codigoDePais,"Codigo de pais: agregar, editar, inactivar y activar un elemento","ola5, catalogos, escribe_datos",mvn test -Dtest='CatalogosAltasPruebas#codigoDePais',
PF_CP_076,Expediente pantalla Catálogos - Productos,Validación de la pantalla del menú Catálogos - Productos,No Ejecutado,si,CatalogosConsultasPruebas#laPantallaDelCatalogoMuestraSuTabla ; CatalogosPruebas#cadaCatalogoMuestraSuTabla,Pantalla del catalogo con su boton Agregar elemento y su tabla,consultas,mvn test -Dtest='CatalogosConsultasPruebas#laPantallaDelCatalogoMuestraSuTabla',
PF_CP_077,Expediente pantalla Catálogos - Productos,Validación del botón agregar elemento del menú de catálogos - Productos,No Ejecutado,si,CatalogosAltasPruebas#productos,"Productos: agregar, editar, inactivar y activar un elemento","ola5, catalogos, escribe_datos",mvn test -Dtest='CatalogosAltasPruebas#productos',
PF_CP_078,Expediente pantalla Catálogos - Productos,Validar Numero de caracteres campo Nombre,No Ejecutado,si,CatalogosConsultasPruebas#elCampoDelCatalogoRespetaSuMaximo,Maximo de caracteres del alta del catalogo,consultas,mvn test -Dtest='CatalogosConsultasPruebas#elCampoDelCatalogoRespetaSuMaximo',
PF_CP_079,Expediente pantalla Catálogos - Productos,Validar Numero de caracteres campo Codigo,No Ejecutado,si,CatalogosConsultasPruebas#pfCp079MaximoDelCodigoDeProductos,El campo Codigo de Productos acepta 10 caracteres,consultas,mvn test -Dtest='CatalogosConsultasPruebas#pfCp079MaximoDelCodigoDeProductos',
PF_CP_080,Expediente pantalla Catálogos - Productos,Validar Numero de caracteres campo Link,No Ejecutado,si,CatalogosConsultasPruebas#elCampoDelCatalogoRespetaSuMaximo,Maximo de caracteres del alta del catalogo,consultas,mvn test -Dtest='CatalogosConsultasPruebas#elCampoDelCatalogoRespetaSuMaximo',
PF_CP_081,Expediente pantalla Catálogos - Productos,Validación del botón ver detalle del menú de catálogos - Productos,No Ejecutado,si,CatalogosConsultasPruebas#elDetalleDelCatalogoMuestraSusDatos,"Ver detalle del catalogo con sus campos, EDITAR DATOS y la X",consultas,mvn test -Dtest='CatalogosConsultasPruebas#elDetalleDelCatalogoMuestraSusDatos',
PF_CP_082,Expediente pantalla Catálogos - Productos,Validación de la edición de alguna Producto sobre el detalle del menú de catálogos - Productos,No Ejecutado,si,CatalogosAltasPruebas#productos,"Productos: agregar, editar, inactivar y activar un elemento","ola5, catalogos, escribe_datos",mvn test -Dtest='CatalogosAltasPruebas#productos',
PF_CP_083,Expediente pantalla Catálogos - Productos,Validación de la funcinalidad del botón inactivar,No Ejecutado,si,CatalogosAltasPruebas#productos,"Productos: agregar, editar, inactivar y activar un elemento","ola5, catalogos, escribe_datos",mvn test -Dtest='CatalogosAltasPruebas#productos',
PF_CP_084,Expediente pantalla Catálogos - Productos,Validación de la funcinalidad del botón activar registro,No Ejecutado,si,CatalogosAltasPruebas#productos,"Productos: agregar, editar, inactivar y activar un elemento","ola5, catalogos, escribe_datos",mvn test -Dtest='CatalogosAltasPruebas#productos',
PF_CP_085,Expediente pantalla Catálogos - Dias festivos,Validación de la pantalla del menú Catálogos - Dias festivos,No Ejecutado,si,CatalogosConsultasPruebas#laPantallaDelCatalogoMuestraSuTabla ; CatalogosPruebas#cadaCatalogoMuestraSuTabla,Pantalla del catalogo con su boton Agregar elemento y su tabla,consultas,mvn test -Dtest='CatalogosConsultasPruebas#laPantallaDelCatalogoMuestraSuTabla',
PF_CP_086,Expediente pantalla Catálogos - Dias festivos,Validación del botón agregar elemento del menú de catálogos - Dias festivos,No Ejecutado,si,CatalogosAltasPruebas#diasFestivos,"Dias festivos: agregar, editar, inactivar y activar un elemento","ola5, catalogos, escribe_datos",mvn test -Dtest='CatalogosAltasPruebas#diasFestivos',
PF_CP_087,Expediente pantalla Catálogos - Dias festivos,Validar Numero de caracteres campo Fecha,No Ejecutado,si,CatalogosConsultasPruebas#pfCp087DigitosDelDiaFestivo,El dia festivo acepta 8 digitos con formato dd/mm/aaaa,consultas,mvn test -Dtest='CatalogosConsultasPruebas#pfCp087DigitosDelDiaFestivo',
PF_CP_088,Expediente pantalla Catálogos - Dias festivos,Validar Botón calendario,No Ejecutado,si,CatalogosConsultasPruebas#pfCp088CalendarioDeDiasFestivos,El calendario de Dias festivos solo habilita de hoy en adelante,consultas,mvn test -Dtest='CatalogosConsultasPruebas#pfCp088CalendarioDeDiasFestivos',
PF_CP_089,Expediente pantalla Catálogos - Dias festivos,Validación del botón ver detalle del menú de catálogos - Dias festivos,No Ejecutado,si,CatalogosConsultasPruebas#elDetalleDelCatalogoMuestraSusDatos,"Ver detalle del catalogo con sus campos, EDITAR DATOS y la X",consultas,mvn test -Dtest='CatalogosConsultasPruebas#elDetalleDelCatalogoMuestraSusDatos',
PF_CP_090,Expediente pantalla Catálogos - Dias festivos,Validación de la edición de alguna nacionalidad sobre el detalle del menú de catálogos - Dias festivos,No Ejecutado,si,CatalogosAltasPruebas#diasFestivos,"Dias festivos: agregar, editar, inactivar y activar un elemento","ola5, catalogos, escribe_datos",mvn test -Dtest='CatalogosAltasPruebas#diasFestivos',
PF_CP_091,Expediente pantalla Catálogos - Dias festivos,Validación de la funcinalidad del botón inactivar,No Ejecutado,si,CatalogosAltasPruebas#diasFestivos,"Dias festivos: agregar, editar, inactivar y activar un elemento","ola5, catalogos, escribe_datos",mvn test -Dtest='CatalogosAltasPruebas#diasFestivos',
PF_CP_092,Expediente pantalla Catálogos - Dias festivos,Validación de la funcinalidad del botón activar registro,No Ejecutado,si,CatalogosAltasPruebas#diasFestivos,"Dias festivos: agregar, editar, inactivar y activar un elemento","ola5, catalogos, escribe_datos",mvn test -Dtest='CatalogosAltasPruebas#diasFestivos',
PF_CP_093,Expediente pantalla Catálogos - Versiones,Validación de la pantalla del menú Catálogos - Versiones,No Ejecutado,si,CatalogosConsultasPruebas#laPantallaDelCatalogoMuestraSuTabla ; CatalogosPruebas#cadaCatalogoMuestraSuTabla,Pantalla del catalogo con su boton Agregar elemento y su tabla,consultas,mvn test -Dtest='CatalogosConsultasPruebas#laPantallaDelCatalogoMuestraSuTabla',
PF_CP_094,Expediente pantalla Catálogos - Versiones,Validación del botón agregar elemento del menú de catálogos - Versiones,No Ejecutado,si,CatalogosAltasPruebas#versiones,"Versiones: agregar, editar, inactivar y activar un elemento","ola5, catalogos, escribe_datos",mvn test -Dtest='CatalogosAltasPruebas#versiones',
PF_CP_095,Expediente pantalla Catálogos - Versiones,Validar Numero de caracteres campo Fecha,No Ejecutado,si,CatalogosConsultasPruebas#pfCp095CampoFechaDeVersiones,Versiones tiene un campo Fecha de 8 digitos,"consultas, regla_por_confirmar",mvn test -Dtest='CatalogosConsultasPruebas#pfCp095CampoFechaDeVersiones',
PF_CP_096,Expediente pantalla Catálogos - Versiones,Validar Botón calendario,No Ejecutado,si,CatalogosConsultasPruebas#pfCp096CalendarioDeVersiones,Versiones tiene boton de calendario,"consultas, regla_por_confirmar",mvn test -Dtest='CatalogosConsultasPruebas#pfCp096CalendarioDeVersiones',
PF_CP_097,Expediente pantalla Catálogos - Versiones,Validación del botón ver detalle del menú de catálogos - Versiones,No Ejecutado,si,CatalogosConsultasPruebas#elDetalleDelCatalogoMuestraSusDatos,"Ver detalle del catalogo con sus campos, EDITAR DATOS y la X",consultas,mvn test -Dtest='CatalogosConsultasPruebas#elDetalleDelCatalogoMuestraSusDatos',
PF_CP_098,Expediente pantalla Catálogos - Versiones,Validación de la edición de alguna nacionalidad sobre el detalle del menú de catálogos - Versiones,No Ejecutado,si,CatalogosAltasPruebas#versiones,"Versiones: agregar, editar, inactivar y activar un elemento","ola5, catalogos, escribe_datos",mvn test -Dtest='CatalogosAltasPruebas#versiones',
PF_CP_099,Expediente pantalla Catálogos - Versiones,Validación de la funcinalidad del botón inactivar,No Ejecutado,si,CatalogosAltasPruebas#versiones,"Versiones: agregar, editar, inactivar y activar un elemento","ola5, catalogos, escribe_datos",mvn test -Dtest='CatalogosAltasPruebas#versiones',
PF_CP_100,Expediente pantalla Catálogos - Versiones,Validación de la funcinalidad del botón activar registro,No Ejecutado,si,CatalogosAltasPruebas#versiones,"Versiones: agregar, editar, inactivar y activar un elemento","ola5, catalogos, escribe_datos",mvn test -Dtest='CatalogosAltasPruebas#versiones',
PF_CP_101,Expediente pantalla Tasas e interés,Validación de la pantalla del menú Tasas de interés,No Ejecutado,si,NavegacionPruebas#pfCp101PantallaTasas,Pantalla de Tasas de interes,navegacion,mvn test -Dtest='NavegacionPruebas#pfCp101PantallaTasas',
PF_CP_102,Expediente pantalla Tasas e interés,Validación de la funcionalidad de la opción de tasas de interés sobre el menú de tasas de interés,No Ejecutado,si,TasasCostosYReportesPruebas#pfCp102ConsultaDeTasasDeInteres,Tasas de interes muestra las tablas del periodo elegido,consultas,mvn test -Dtest='TasasCostosYReportesPruebas#pfCp102ConsultaDeTasasDeInteres',
PF_CP_103,Expediente pantalla Tasas e interés,Validar que se pueda editar el porcentaje de interes sobre la pantalla y opción de tasas de interés,No Ejecutado,no,,,,,Modifica tasas vigentes: falta un periodo de prueba acordado.
PF_CP_104,Expediente pantalla Tasas e interés,Validar caracteres campos tasa de interes,No Ejecutado,si,TasasCostosYReportesPruebas#pfCp104CaracteresDelPorcentajeDeLaTasa,El porcentaje de la tasa solo acepta numeros,consultas,mvn test -Dtest='TasasCostosYReportesPruebas#pfCp104CaracteresDelPorcentajeDeLaTasa',
PF_CP_105,Expediente pantalla Tasas e interés,Validación de la funcionalidad de la opción de Costo Financiero Total sobre el menú de tasas de interés,No Ejecutado,si,TasasCostosYReportesPruebas#pfCp105ConsultaDeCostoFinancieroTotal,Costo Financiero Total muestra su tabla,consultas,mvn test -Dtest='TasasCostosYReportesPruebas#pfCp105ConsultaDeCostoFinancieroTotal',
PF_CP_106,Expediente pantalla Tasas e interés,Validar que se pueda agregar el porcentaje para costo financiero total,No Ejecutado,no,,,,,Modifica tasas vigentes: falta un periodo de prueba acordado.
PF_CP_107,Expediente pantalla Tasas e interés,Validar caracteres campos costo financiero total,No Ejecutado,si,TasasCftPruebas#pfCp107CaracteresDelCostoFinancieroTotal,Los campos de Costo Financiero Total solo aceptan numeros y hasta 9 caracteres,"ola5, tasas",mvn test -Dtest='TasasCftPruebas#pfCp107CaracteresDelCostoFinancieroTotal',
PF_CP_108,Solicitudes pantalla Expediente,Validación de la pantalla del menú Expediente,No Ejecutado,si,NavegacionPruebas#pfCp108PantallaSolicitudes,Pantalla de Solicitudes con sus botones,"navegacion, humo",mvn test -Dtest='NavegacionPruebas#pfCp108PantallaSolicitudes',
PF_CP_109,Solicitudes pantalla Expediente,Validacion de la tabla de solicitudes,No Ejecutado,si,ExpedienteConsultasPruebas#pfCp109ColumnasDeLaTablaDeSolicitudes,La tabla de solicitudes muestra todas sus columnas,"consultas, humo",mvn test -Dtest='ExpedienteConsultasPruebas#pfCp109ColumnasDeLaTablaDeSolicitudes',
PF_CP_110,Solicitudes pantalla Expediente,Validación de la funcionalidad del botón crear solicitud,No Ejecutado,no,,,,,Crea una solicitud real: requiere ambiente o datos desechables.
PF_CP_111,Solicitudes pantalla Expediente,Validar Campo Nombres,No Ejecutado,si,ValidacionesDeCamposPruebas#elCampoDebePermitirElMaximo ; ValidacionesDeCamposPruebas#elCampoSoloDebePermitirSuTipoDeCaracter,Maximo de caracteres por campo,validaciones,mvn test -Dtest='ValidacionesDeCamposPruebas#elCampoDebePermitirElMaximo',
PF_CP_112,Solicitudes pantalla Expediente,Validar Campo DNI,No Ejecutado,si,ValidacionesDeCamposPruebas#elCampoDebePermitirElMaximo ; ValidacionesDeCamposPruebas#elCampoSoloDebePermitirSuTipoDeCaracter,Maximo de caracteres por campo,validaciones,mvn test -Dtest='ValidacionesDeCamposPruebas#elCampoDebePermitirElMaximo',
PF_CP_113,Solicitudes pantalla Expediente,Validar Campo Apellidos,No Ejecutado,si,ValidacionesDeCamposPruebas#elCampoDebePermitirElMaximo ; ValidacionesDeCamposPruebas#elCampoSoloDebePermitirSuTipoDeCaracter,Maximo de caracteres por campo,validaciones,mvn test -Dtest='ValidacionesDeCamposPruebas#elCampoDebePermitirElMaximo',
PF_CP_114,Solicitudes pantalla Expediente,Validar Campo CUIL,No Ejecutado,si,ValidacionesDeCamposPruebas#pfCp114CampoCuil,Campo CUIL 11 digitos,validaciones,mvn test -Dtest='ValidacionesDeCamposPruebas#pfCp114CampoCuil',
PF_CP_115,Solicitudes pantalla Expediente,Validar Campo Fecha de Nacimiento,No Ejecutado,si,ValidacionesDeCamposPruebas#elCampoSoloDebePermitirSuTipoDeCaracter ; ValidacionesDeCamposPruebas#pfCp115CampoFechaDeNacimiento,Tipo de caracteres permitidos por campo,validaciones,mvn test -Dtest='ValidacionesDeCamposPruebas#elCampoSoloDebePermitirSuTipoDeCaracter',
PF_CP_116,Solicitudes pantalla Expediente,Validar Campo Fecha de Nacimiento,No Ejecutado,si,ValidacionesDeCamposPruebas#pfCp115CampoFechaDeNacimiento,Fecha de nacimiento con formato DD/MM/AAAA y calendario,validaciones,mvn test -Dtest='ValidacionesDeCamposPruebas#pfCp115CampoFechaDeNacimiento',
PF_CP_117,Solicitudes pantalla Expediente,Validar Campo Dirección,No Ejecutado,si,ValidacionesDeCamposPruebas#elCampoDebePermitirElMaximo ; ValidacionesDeCamposPruebas#elCampoSoloDebePermitirSuTipoDeCaracter,Maximo de caracteres por campo,validaciones,mvn test -Dtest='ValidacionesDeCamposPruebas#elCampoDebePermitirElMaximo',
PF_CP_118,Solicitudes pantalla Expediente,Validar opción Adicionales PEP,No Ejecutado,si,ValidacionesDeCamposPruebas#pfCp118OpcionesDeAdicionalesPep,Adicionales PEP muestra dos opciones y ninguna preseleccionada,validaciones,mvn test -Dtest='ValidacionesDeCamposPruebas#pfCp118OpcionesDeAdicionalesPep',
PF_CP_119,Solicitudes pantalla Expediente,Adicionales,No Ejecutado,si,ValidacionesDeCamposPruebas#pfCp119SeccionDeAdicionales,Con adicionales habilita la seccion para agregar un PEP,validaciones,mvn test -Dtest='ValidacionesDeCamposPruebas#pfCp119SeccionDeAdicionales',
PF_CP_120,Solicitudes pantalla Expediente,Agregar adicional PEP,No Ejecutado,si,ValidacionesDeCamposPruebas#pfCp120ModalDeAdicionalPep,El modal de PEP pide sus cinco datos y son obligatorios,validaciones,mvn test -Dtest='ValidacionesDeCamposPruebas#pfCp120ModalDeAdicionalPep',
PF_CP_121,Solicitudes pantalla Expediente,Editar/Eliminar PEP,No Ejecutado,si,SolicitudesPepPruebas#pfCp121EditarYEliminarAdicionalPep,El adicional PEP se puede editar y eliminar,"ola6, solicitudes",mvn test -Dtest='SolicitudesPepPruebas#pfCp121EditarYEliminarAdicionalPep',
PF_CP_122,Solicitudes pantalla Expediente,Validar Check Condicionada a ingresos,No Ejecutado,si,SolicitudesPepPruebas#pfCp122CheckCondicionadaAIngresos,El alta de solicitud ofrece el check Condicionada a ingresos,"ola6, solicitudes, regla_por_confirmar",mvn test -Dtest='SolicitudesPepPruebas#pfCp122CheckCondicionadaAIngresos',
PF_CP_123,Solicitudes pantalla Expediente,Condicionada a ingresos,No Ejecutado,no,,,,,"Depende del check Condicionada a ingresos, que no existe hoy."
PF_CP_124,Solicitudes pantalla Expediente,Validación de la funcionalidad del botón eliminar solicitudes,No Ejecutado,si,ExpedienteDictamenPruebas#pfCp124EliminarSolicitudesConLayout,La pantalla ofrece eliminar solicitudes con un layout,"ola6, expediente, regla_por_confirmar",mvn test -Dtest='ExpedienteDictamenPruebas#pfCp124EliminarSolicitudesConLayout',
PF_CP_125,Solicitudes pantalla Expediente,Validación de la funcionalidad del botón importar,No Ejecutado,si,DescargasPruebas#expedienteOfreceImportar,Expediente ofrece importar solicitudes masivas,"descargas, regla_por_confirmar",mvn test -Dtest='DescargasPruebas#expedienteOfreceImportar',
PF_CP_126,Solicitudes pantalla Expediente,Cargar documento,No Ejecutado,si,ExpedienteDictamenPruebas#pfCp126CargarLayoutDeSolicitudes,La pantalla permite cargar el layout de solicitudes,"ola6, expediente, regla_por_confirmar",mvn test -Dtest='ExpedienteDictamenPruebas#pfCp126CargarLayoutDeSolicitudes',
PF_CP_127,Solicitudes pantalla Expediente,Validación de la funcionalidad del botón Exportar,No Ejecutado,si,DescargasPruebas#exportarSolicitudesAExcel,Exportar descarga la tabla de solicitudes,"descargas, regla_por_confirmar",mvn test -Dtest='DescargasPruebas#exportarSolicitudesAExcel',
PF_CP_128,Solicitudes pantalla Expediente,Validación de la funcionalidad del botón Filtrar,No Ejecutado,si,ExpedienteConsultasPruebas#pfCp128FiltrarSolicitudes,El filtro de solicitudes busca por sus campos,consultas,mvn test -Dtest='ExpedienteConsultasPruebas#pfCp128FiltrarSolicitudes',
PF_CP_129,Solicitudes pantalla Expediente,Validación de la funcionalidad del botón detalle,No Ejecutado,si,ExpedienteConsultasPruebas#pfCp129DetalleDeLaSolicitud,El detalle de la solicitud muestra sus pestanas,consultas,mvn test -Dtest='ExpedienteConsultasPruebas#pfCp129DetalleDeLaSolicitud',
PF_CP_130,Solicitudes pantalla Expediente,Validación del detalle de expediente con un estatus creado,No Ejecutado,si,ExpedienteEstadosPruebas#pfCp130DetalleCreado,Detalle de una solicitud en estatus Creado,"ola6, expediente",mvn test -Dtest='ExpedienteEstadosPruebas#pfCp130DetalleCreado',
PF_CP_131,Solicitudes pantalla Expediente,Validación del detalle de expediente con un estatus ingreso,No Ejecutado,si,ExpedienteEstadosPruebas#pfCp131DetalleIngreso,Detalle de una solicitud en estatus Ingreso,"ola6, expediente",mvn test -Dtest='ExpedienteEstadosPruebas#pfCp131DetalleIngreso',
PF_CP_132,Solicitudes pantalla Expediente,Validación del detalle de expediente con un estatus aviso de privacidad,Cancelado,si,ExpedienteEstadosPruebas#pfCp132DetalleAvisoDePrivacidad,Detalle de una solicitud en estatus Aviso de privacidad,"ola6, expediente",mvn test -Dtest='ExpedienteEstadosPruebas#pfCp132DetalleAvisoDePrivacidad',
PF_CP_133,Solicitudes pantalla Expediente,Validación del detalle de expediente con un estatus identificación oficial,No Ejecutado,si,ExpedienteEstadosPruebas#pfCp133DetalleIdentificacionOficial,Detalle de una solicitud en estatus Identificación oficial,"ola6, expediente, regla_por_confirmar",mvn test -Dtest='ExpedienteEstadosPruebas#pfCp133DetalleIdentificacionOficial',
PF_CP_134,Solicitudes pantalla Expediente,Validación del detalle de expediente con un estatus Validación de identidad,No Ejecutado,si,ExpedienteEstadosPruebas#pfCp134DetalleValidacionDeIdentidad,Detalle de una solicitud en estatus Validación de identidad,"ola6, expediente, regla_por_confirmar",mvn test -Dtest='ExpedienteEstadosPruebas#pfCp134DetalleValidacionDeIdentidad',
PF_CP_135,Solicitudes pantalla Expediente,Validación del detalle de expediente con un estatus Terminos y condiciones,No Ejecutado,si,ExpedienteEstadosPruebas#pfCp135DetalleTerminosYCondiciones,Detalle de una solicitud en estatus Terminos y condiciones,"ola6, expediente, regla_por_confirmar",mvn test -Dtest='ExpedienteEstadosPruebas#pfCp135DetalleTerminosYCondiciones',
PF_CP_136,Solicitudes pantalla Expediente,Validación del detalle de expediente con un estatus Pendiente de firma,No Ejecutado,si,ExpedienteEstadosPruebas#pfCp136DetallePendienteDeFirma,Detalle de una solicitud en estatus Pendiente de firma,"ola6, expediente, regla_por_confirmar",mvn test -Dtest='ExpedienteEstadosPruebas#pfCp136DetallePendienteDeFirma',
PF_CP_137,Solicitudes pantalla Expediente,Validación del detalle de expediente con un estatus Firmada,No Ejecutado,si,ExpedienteEstadosPruebas#pfCp137DetalleFirmada,Detalle de una solicitud en estatus Firmada,"ola6, expediente",mvn test -Dtest='ExpedienteEstadosPruebas#pfCp137DetalleFirmada',
PF_CP_138,Solicitudes pantalla Expediente,Validación del detalle de expediente con un estatus por dictaminar,No Ejecutado,si,ExpedienteEstadosPruebas#pfCp138DetallePorDictaminar,Detalle de una solicitud en estatus Por dictaminar,"ola6, expediente",mvn test -Dtest='ExpedienteEstadosPruebas#pfCp138DetallePorDictaminar',
PF_CP_139,Solicitudes pantalla Expediente,Validación del detalle de expediente con un estatus denegada,No Ejecutado,si,ExpedienteEstadosPruebas#pfCp139DetalleDenegada,Detalle de una solicitud en estatus Denegada,"ola6, expediente, regla_por_confirmar",mvn test -Dtest='ExpedienteEstadosPruebas#pfCp139DetalleDenegada',
PF_CP_140,Solicitudes pantalla Expediente,Validación del detalle de expediente con un estatus aprobada,No Ejecutado,si,ExpedienteEstadosPruebas#pfCp140DetalleAprobada,Detalle de una solicitud en estatus Aprobada,"ola6, expediente, regla_por_confirmar",mvn test -Dtest='ExpedienteEstadosPruebas#pfCp140DetalleAprobada',
PF_CP_141,Solicitudes pantalla Expediente,Validación del detalle de expediente con un estatus Cancelado por datos erróneos,No Ejecutado,si,ExpedienteEstadosPruebas#pfCp141DetalleCanceladoPorDatosErroneos,Detalle de una solicitud en estatus Cancelado por datos erróneos,"ola6, expediente",mvn test -Dtest='ExpedienteEstadosPruebas#pfCp141DetalleCanceladoPorDatosErroneos',
PF_CP_142,Solicitudes pantalla Expediente,Validación de la funcionalidad del botón ZIP,No Ejecutado,si,DescargasPruebas#descargarElZipDelExpediente,El ZIP de la solicitud trae los documentos cargados,descargas,mvn test -Dtest='DescargasPruebas#descargarElZipDelExpediente',
PF_CP_143,Solicitudes pantalla Expediente,Validación de la funcionalidad del botón ZIP Griffin,No Ejecutado,si,DescargasPruebas#descargarElZipGriffin,El ZIP Griffin trae el documento de Renaper y el firmado,descargas,mvn test -Dtest='DescargasPruebas#descargarElZipGriffin',
PF_CP_144,Solicitudes pantalla Expediente,Validacion de la funcionalidad del boton de Aprobar solicitudes,No Ejecutado,si,ExpedienteDictamenPruebas#pfCp144PopupDeAprobarSolicitudes,El boton Aprobar solicitudes confirma cuantas se aprobaran,"ola6, expediente",mvn test -Dtest='ExpedienteDictamenPruebas#pfCp144PopupDeAprobarSolicitudes',
PF_CP_145,Solicitudes pantalla Expediente,Validacion de la funcionalidad del boton de Denegar solicitudes,No Ejecutado,si,ExpedienteDictamenPruebas#pfCp145PopupDeDenegarSolicitudes,El boton Denegar solicitudes confirma cuantas se denegaran,"ola6, expediente",mvn test -Dtest='ExpedienteDictamenPruebas#pfCp145PopupDeDenegarSolicitudes',
PF_CP_146,Solicitudes pantalla Expediente,Validación de la funcionalidad del botón Doc. Griffin,No Ejecutado,si,ExpedienteDictamenPruebas#pfCp146DocGriffinDelDetalle,Doc. Griffin descarga el expediente comprimido,"ola6, expediente, descargas",mvn test -Dtest='ExpedienteDictamenPruebas#pfCp146DocGriffinDelDetalle',
PF_CP_147,Expediente pantalla Costos,Validación de la pantalla del menú Costos,No Ejecutado,si,NavegacionPruebas#pfCp147PantallaCostos,Pantalla de Costos,navegacion,mvn test -Dtest='NavegacionPruebas#pfCp147PantallaCostos',
PF_CP_148,Expediente pantalla Costos,Validacion del boton de Seleccionar de un producto,No Ejecutado,si,TasasCostosYReportesPruebas#pfCp148CostosDelProducto,Seleccionar un producto abre su pantalla de costos,consultas,mvn test -Dtest='TasasCostosYReportesPruebas#pfCp148CostosDelProducto',
PF_CP_149,Expediente pantalla Costos,Validacion del boton de Agregar costo,No Ejecutado,si,CostosYCuotasPruebas#pfCp149PopupDeAgregarCosto,El popup de Agregar costo pide todos los importes,"ola6, costos",mvn test -Dtest='CostosYCuotasPruebas#pfCp149PopupDeAgregarCosto',
PF_CP_150,Expediente pantalla Costos,Validacion del boton de Editar costo,No Ejecutado,si,CostosYCuotasPruebas#pfCp150PopupDeEditarCosto,El popup de Editar costo trae los importes del registro,"ola6, costos",mvn test -Dtest='CostosYCuotasPruebas#pfCp150PopupDeEditarCosto',
PF_CP_151,Expediente pantalla Cuotas generales,Validación de la pantalla del menú Cuotas generales,No Ejecutado,si,NavegacionPruebas#pfCp151PantallaCuotasGenerales,Pantalla de Cuotas generales,navegacion,mvn test -Dtest='NavegacionPruebas#pfCp151PantallaCuotasGenerales',
PF_CP_152,Expediente pantalla Cuotas generales,Validacion del boton de guardar,No Ejecutado,si,CostosYCuotasPruebas#pfCp152CuotasGenerales,Cuotas Generales permite capturar los importes y guardarlos,"ola6, cuotas",mvn test -Dtest='CostosYCuotasPruebas#pfCp152CuotasGenerales',
PF_CP_153,Expediente pantalla Reportes,Validación de la pantalla del menú Reportes,No Ejecutado,si,NavegacionPruebas#pfCp153PantallaReportes,Pantalla de Reportes con sus filtros,navegacion,mvn test -Dtest='NavegacionPruebas#pfCp153PantallaReportes',
PF_CP_154,Expediente pantalla Reportes,Validación de generación de reporte con el filtro de reporte general,No Ejecutado,si,DescargasPruebas#generarElReporteGeneral,El reporte general se descarga con sus columnas,"descargas, regla_por_confirmar",mvn test -Dtest='DescargasPruebas#generarElReporteGeneral',
PF_CP_155,Expediente pantalla Reportes,"Validación de generación de reporte sin información con el filtro de reporte general, reporte totales url o reporte totales mensajes whatsapp",No Ejecutado,si,DescargasPruebas#generarUnReporteSinResultados,Un reporte sin informacion avisa que no hay resultados,descargas,mvn test -Dtest='DescargasPruebas#generarUnReporteSinResultados',
PF_CP_156,Expediente pantalla Reportes,Validación del botón limpiar filtros,No Ejecutado,si,TasasCostosYReportesPruebas#pfCp156LimpiarFiltrosDeReportes,Limpiar filtros borra los datos del filtro de Reportes,consultas,mvn test -Dtest='TasasCostosYReportesPruebas#pfCp156LimpiarFiltrosDeReportes',
PF_CP_157,Expediente pantalla Reportes,Validación de generación de reporte con el filtro de reporte totales URL,No Ejecutado,si,DescargasPruebas#generarElReporteDeTotalesUrl,El reporte de totales URL trae sus dos hojas,descargas,mvn test -Dtest='DescargasPruebas#generarElReporteDeTotalesUrl',
PF_CP_158,Expediente pantalla Reportes,Validación de generación de reporte con el filtro de reporte totales mensaje whatsapp,No Ejecutado,si,DescargasPruebas#generarElReporteDeTotalesDeWhatsApp,El reporte de totales de WhatsApp trae sus dos hojas,descargas,mvn test -Dtest='DescargasPruebas#generarElReporteDeTotalesDeWhatsApp',
PF_CP_159,Expediente pantalla Dashboard Firmas,Validación de la pantalla del menú Dashboard Firmas,No Ejecutado,si,NavegacionPruebas#pfCp159PantallaDashboard,Pantalla de Dashboard de firmas,navegacion,mvn test -Dtest='NavegacionPruebas#pfCp159PantallaDashboard',
PF_CP_160,Expediente pantalla Dashboard Firmas,Validación de la pantalla del menú Dashboard Firmas,No Ejecutado,si,TasasCostosYReportesPruebas#pfCp160GraficaDelDashboard,El dashboard muestra la grafica con sus indicadores,consultas,mvn test -Dtest='TasasCostosYReportesPruebas#pfCp160GraficaDelDashboard',
