modulo,id,nombre,pasos,esperado,estatus
Expediente Login,PF_CP_001,"Validación de inicio de sesión con usuario correcto, contraseña incorrecta","1.- Ingresar el usuario correcto y contraseña incorrecta 2.- Presionar el botón ""Iniciar sesión""",Muestra un popup indicando:AMEX Argentina Ha ocurrido un error: Credenciales invalidas Botón Aceptar,Fallado
Expediente Login,PF_CP_002,"Validación de inicio de sesión con usuario incorrecto, contraseña correcta","1.- Ingresar el usuario incorrecto y contraseña correcta 2.- Presionar el botón ""Iniciar sesión""",Muestra un popup indicando:AMEX Argentina Ha ocurrido un error: Credenciales invalidas Botón Aceptar,Exitoso
Expediente Login,PF_CP_003,"Validación de inicio de sesión con usuario incorrecto, contraseña incorrecta","1.- Ingresar el usuario incorrecto y contraseña incorrecta 2.- Presionar el botón ""Iniciar sesión""",Muestra un popup indicando:AMEX Argentina Ha ocurrido un error: Credenciales invalidas Botón Aceptar,Exitoso
Expediente Login,PF_CP_004,"Validación de inicio de sesión con usuario correcto, contraseña correcta","1.- Ingresar el usuario correcto y contraseña correcta 2.- Presionar el botón ""Iniciar sesión""",Muestra la pantalla de inicio del expediente,Exitoso
Expediente Login,PF_CP_005,Validación de la recuperación de contraseña,1.-Seleccionar el botón olvidé mi contraseña 2.- Ingresar el usuario y seleccionar el botón enviar contraseña,Redirige a una pantalla para la recuperacion de contraseña,Cancelado
Cambiar contraseña,PF_CP_006,Cambiar contraseña,"1. Ingressar al sistema 2. En la parte superior derecha, dar tap en el usuario 3. Dar tap en cambiar contraseña","El sistema muestra una pantalla para colocar la contraseña actual y la nueva contraseña, con el botón Guardar deshabilitado y el botón Cancelar",Cancelado
Cambiar contraseña,PF_CP_007,Características contraseña,"1. Ingressar al sistema 2. En la parte superior derecha, dar tap en el usuario 3. Dar tap en cambiar contraseña","El sistema muestra las siguientes caracterísitcas para la nueva contraseña: Mínimo 13 caracteres. Al menos una letra (mayúscula o minúscula). Al menos un número. Al menos un carácter especial: #?!@%^&*- .()- No más de dos letras o números iguales consecutivos Solo se permiten letras, números y los caracteres especiales indicados",Cancelado
Expediente pantalla Inicio,PF_CP_008,Validacion de pantalla de inicio,1.- Seleccionar el botón de inicio de la pantalla superior izquierda,"Se mostrara una pantalla con la informacion de todas las solicitudes realizadas, se mostrara una grafica con la cantidad de solicitudes en cada estado: -Aprobadas -Denegadas -Creadas -Condicionada a ingresos -Ingreso -Aviso de privacidad -Identificacion oficial -Validacion de identidad -Terminos y condiciones -Pendiente de firma -Por dictaminar -Cancelado Se muestran los porcentajes de cada una.y que usuario es el que la administró",Exitoso
Expediente pantalla Inicio,PF_CP_009,Validacion de pantalla de inicio,1.- Seleccionar el botón de inicio de la pantalla superior izquierda,"Se mostrará una seccion donde se muestra toda la informacion acerca de la solicitud realizada, en esta seccion se mostrara la informacion de la solicitud: - Referencia - Fecha y hr. inicio - Fecha y hr. fin - Rol - Cliente - Usuario Modificó - Estatus",Exitoso
Expediente pantalla usuario,PF_CP_010,Validación de la pantalla de Usuarios,"1.- Seleccionar el botón Usuarios, de la parte izquierda de la pantalla","Muestra la pantalla de usuarios con los botones de agregar usuario, carga masiva de usuarios, actualizar tabla, exportar a excel, filtrar y muestra toda la información de los usuarios existentes.",Exitoso
Expediente pantalla usuario,PF_CP_011,Validación de la funcionalidad del botón Agregar Usuario,"1.- Seleccionar el botón Usuarios, de la parte izquierda de la pantalla 2.- Seleccionar el boton de agregar usuario",Muestra una nueva pantalla donde se debera ingresar la infomracion del usuario a crear: -Area -Tipo de usuarios -Nombre(s) -Apellidos -Cargo -Correo Electronico -Prefijo telefonico -Telefono movil -Telefono fijo -Boton Cancelar -Boton guardar registro,No Ejecutado
Expediente pantalla usuario,PF_CP_012,Validar campo Area,"1.- Seleccionar el botón Usuarios, de la parte izquierda de la pantalla 2.- Seleccionar el boton de agregar usuario 3.- Click en campo Area",Validar que se muestre solo la opción -Ventas,No Ejecutado
Expediente pantalla usuario,PF_CP_013,Validar campo Tipo de usuario,"1.- Seleccionar el botón Usuarios, de la parte izquierda de la pantalla 2.- Seleccionar el boton de agregar usuario 3.- Click en campo Tipo de usuario",Validar que se muestre solo la opción -Administrador Apex -Supervisor AXP -Usuario AXP -Supervisor Agencia -Usuario Agencia,No Ejecutado
Expediente pantalla usuario,PF_CP_014,Validar Campo Nombres,"1.- Seleccionar el botón Usuarios, de la parte izquierda de la pantalla 2.- Seleccionar el boton de agregar usuario 3.- Click campo Nombres",Validar que permita -35 caracteres maximo -1 caracter Minimo -No permite caracteres numericos y especiales,No Ejecutado
Expediente pantalla usuario,PF_CP_015,Validar Campo Apellidos,"1.- Seleccionar el botón Usuarios, de la parte izquierda de la pantalla 2.- Seleccionar el boton de agregar usuario 3.- Click campo Apellidos",Validar que permita -35 caracteres maximo -1 caracter Minimo -No permite caracteres numericos y especiales,No Ejecutado
Expediente pantalla usuario,PF_CP_016,Validar Campo Cargo,"1.- Seleccionar el botón Usuarios, de la parte izquierda de la pantalla 2.- Seleccionar el boton de agregar usuario 3.- Click campo Cargo",Validar que permita -35 caracteres maximo -1 caracter Minimo -No permite caracteres numericos y especiales,No Ejecutado
Expediente pantalla usuario,PF_CP_017,Validar Campo Correo Electrónico,"1.- Seleccionar el botón Usuarios, de la parte izquierda de la pantalla 2.- Seleccionar el boton de agregar usuario 3.- Click Correo Electrónico",Validar que permita -Solo perimta el formato de correo Ejem: QA@QA.COM,No Ejecutado
Expediente pantalla usuario,PF_CP_018,Validar Campo Teléfono Móvil,"1.- Seleccionar el botón Usuarios, de la parte izquierda de la pantalla 2.- Seleccionar el boton de agregar usuario 3.- Click Teléfono Móvil",Validar que permita -Solo 10 numeros -Caracteres numericos -No permita caracteres alfabeticos y especiales,No Ejecutado
Expediente pantalla usuario,PF_CP_019,Validar Campo Teléfono Fijo,"1.- Seleccionar el botón Usuarios, de la parte izquierda de la pantalla 2.- Seleccionar el boton de agregar usuario 3.- Click Teléfono Fijo",Validar que permita -Solo 10 numeros -Caracteres numericos -No permita caracteres alfabeticos y especiales,No Ejecutado
Expediente pantalla usuario,PF_CP_020,Validación de la funcionalidad del botón Guardar registro,"1.- Seleccionar el botón Usuarios, de la parte izquierda de la pantalla 2.- Seleccionar el boton de agregar usuario 3.- Llenar la informacion 4.- Tap en Guardar registro","Muestra un popup indicando:Usuario creado exitosamente Usuario: *** Se ha enviado un correo a ** para que genere su nueva contraseña y pueda ingresar al sistema. botón aceptar. En la pantalla de usuarios se debe ver reflejado en la tabla, el usuario creado",No Ejecutado
Expediente pantalla usuario,PF_CP_021,Validación de la funcionalidad del botón Cancelar,"1.- Seleccionar el botón Usuarios, de la parte izquierda de la pantalla 2.- Seleccionar el boton de agregar usuario 3.- Llenar la informacion 4.- Tap en Cancelar",Muestra la pantalla de Usuario sin el usuario que se intentó agregar en la tabla de información,No Ejecutado
Expediente pantalla usuario,PF_CP_022,Validar descargar Layout,1.- Seleccionar el botón Carga masiva de usuarios 2.- Dar click sobre el botón de descargar layout 3.-Abrir el documento,Validar que el formato este correcto -Nombre -Apellido -Email -Número de empleado -Cargo -Código de país -Teléfono móvil -Teléfono Fijo -Rol -Campaña(s),No Ejecutado
Expediente pantalla usuario,PF_CP_023,Validación de la funcionalidad del botón Carga masiva de usuarios,1.- Seleccionar el botón Carga masiva de usuarios 2.- Dar click sobre el botón de descargar layout 3.-Realizar el llenado de layout de forma correcta 4.- Cargar documento 5.- Presionar el botón continuar,"Muestra la pantalla de datos cargados con éxito, muestra la información de registro totales,registros aceptados, registros con error y el botón aceptar",No Ejecutado
Expediente pantalla usuario,PF_CP_024,,1.- Seleccionar el botón Carga masiva de usuarios 2.- Dar click sobre el botón de descargar layout 3.-Realizar el llenado de layout de forma incorrecta 4.- Cargar documento 5.- Presionar el botón continuar,Muestra la pantalla de layout incorrecto,
Expediente pantalla usuario,PF_CP_025,,1.- Seleccionar el botón Carga masiva de usuarios 2.- Dar click sobre el botón de descargar layout 3.-Realizar el llenado de layout de forma correcta 4.- Cargar documento 5.- Presionar el botón Cancelar,Muestra la pantalla de Usuario,
Expediente pantalla usuario,PF_CP_026,,1.- Seleccionar el botón Actualiza tabala,Realiza la actualización de información de la tabla de usuarios,
Expediente pantalla usuario,PF_CP_027,,1.- Seleccionar el botón Exportar a excel,Muestra el archivo de excel con toda la información de la tabla de usuarios con: -Número de empleado -Nombre -Apellidos -Correo electrónico -Rol -Estatus -Campañas,
Expediente pantalla usuario,PF_CP_028,,"1.- Seleccionar el botón Filtrar 2.- Seleccionar el filtro que se desea agregar, ya sea por nombre, correo electrónico, rol o estatus 3.- Presionar el botón buscar",Realiza el filtro que se aplicó en los campos,
Expediente pantalla usuario,PF_CP_029,,"1.- Seleccionar el botón Filtrar 2.- Seleccionar el filtro que se desea agregar, ya sea por nombre, correo electrónico, rol o estatus 3.- Presionar el botón limpiar",Realiza el limpiado de los filtros que se aplicarón en los campos,
Expediente pantalla usuario,PF_CP_030,,1.- Seleccionar el ícono de un ojito (ver detalle) de algún usuario,"Muestra el detalle del usuario: Activo: Ultimo Acceso: Fecha de Creación: Area Tipo de usuario Número de empleado Nombre(s) Apellidos Cargo Correo electrónico Código de país Teléfono móvil (10 dígitos) Teléfono fijo Muestra los botones de editar datos, generar contraseña, cancelar. En caso de no contar con alguno de estos datos se omitira el dato y no sera visible",
Expediente pantalla usuario,PF_CP_031,,"1.- Seleccionar el botón Usuarios, de la parte izquierda de la pantalla 2.- Seleccionar el boton de agregar usuario 3.- Click en campo Area",Validar que se muestre solo la opción -Ventas,
Expediente pantalla usuario,PF_CP_032,,"1.- Seleccionar el botón Usuarios, de la parte izquierda de la pantalla 2.- Seleccionar el boton de agregar usuario 3.- Click en campo Tipo de usuario",Validar que se muestre solo la opción -Administrador Apex -Supervisor AXP -Usuario AXP -Supervisor Agencia -Usuario Agencia,
Expediente pantalla usuario,PF_CP_033,,"1.- Seleccionar el botón Usuarios, de la parte izquierda de la pantalla 2.- Seleccionar el boton de agregar usuario 3.- Click campo Nombres",Validar que permita -35 caracteres maximo -1 caracter Minimo -No permite caracteres numericos y especiales,
Expediente pantalla usuario,PF_CP_034,,"1.- Seleccionar el botón Usuarios, de la parte izquierda de la pantalla 2.- Seleccionar el boton de agregar usuario 3.- Click campo Apellidos",Validar que permita -35 caracteres maximo -1 caracter Minimo -No permite caracteres numericos y especiales,
Expediente pantalla usuario,PF_CP_035,,"1.- Seleccionar el botón Usuarios, de la parte izquierda de la pantalla 2.- Seleccionar el boton de agregar usuario 3.- Click campo Cargo",Validar que permita -35 caracteres maximo -1 caracter Minimo -No permite caracteres numericos y especiales,
Expediente pantalla usuario,PF_CP_036,,"1.- Seleccionar el botón Usuarios, de la parte izquierda de la pantalla 2.- Seleccionar el boton de agregar usuario 3.- Click Correo Electrónico",Validar que permita -Solo perimta el formato de correo Ejem: QA@QA.COM,
Expediente pantalla usuario,PF_CP_037,,"1.- Seleccionar el botón Usuarios, de la parte izquierda de la pantalla 2.- Seleccionar el boton de agregar usuario 3.- Click Teléfono Móvil",Validar que permita -Solo 10 numeros -Caracteres numericos -No permita caracteres alfabeticos y especiales,
Expediente pantalla usuario,PF_CP_038,,"1.- Seleccionar el botón Usuarios, de la parte izquierda de la pantalla 2.- Seleccionar el boton de agregar usuario 3.- Click Teléfono Fijo",Validar que permita -Solo 10 numeros -Caracteres numericos -No permita caracteres alfabeticos y especiales,
Expediente pantalla usuario,PF_CP_039,Validar la modificación de datos en detalles de usuario,1.- Seleccionar el ícono de un ojito (ver detalle) de algún usuario 2.- Presionar el botón Editar datos 3.- Editar información 4.- Presionar el botón Guardar,"Muestra un popup indicando: Usuario actualizado Se han actualizado los datos del usuario seleccionado con el botón ""X"" Se valida la información de la tabla actualizada",No Ejecutado
Expediente pantalla usuario,PF_CP_040,Validación del botón generar contraseña sobre el detalle de información de usuario,1.- Seleccionar el ícono de un ojito (ver detalle) de algún usuario 2.- Presionar el botón Generar contraseña,Muestra sobre la misma pantalla de detalle lo siguiente: Tu nueva contraseña es: Copiar contraseña Recuerda guardar tu contraseña en un lugar seguro.,No Ejecutado
Expediente pantalla usuario,PF_CP_041,Validación del boton de cancelar,1.- Seleccionar el ícono de un ojito (ver detalle) de algún usuario 2.- Presionar el botón Cancelar,Muestra la pantalla de Usuario,No Ejecutado
Expediente pantalla usuario,PF_CP_042,Validar botón Desactivar,1.- Seleccionar el ícono de persona con x (Desactivar) de algún usuario 2.- Click en el icono persona con x,Se mustra modal con lo siguirente: Se va a desactivar el usuario: Nombre usuario ¿Seguro que desea continuar? Botón Aceptar Botón Cancelar,No Ejecutado
Expediente pantalla usuario,PF_CP_043,Tap botón Aceptar,1.- Seleccionar el ícono de persona con x (Desactivar) de algún usuario 2.- Click en el icono persona con x 3.- Tap botón Aceptar,Validar que el estatus cambie a inactivo,No Ejecutado
Expediente pantalla usuario,PF_CP_044,Tap botón Cancelar,1.- Seleccionar el ícono de persona con x (Desactivar) de algún usuario 2.- Click en el icono persona con x 3.- Tap botón Cancelar,Validar que cierre el Modal y te mantenga en la pantalla usuarios,No Ejecutado
Expediente pantalla usuario,PF_CP_045,Validar botón Activar usuario,1.- Seleccionar el ícono de persona con x (Desactivar) de algún usuario 2.- Click en el icono persona con x 3.- Tap botón Aceptar 4.- Clic icono Ojo 5.- Tap botón Activar usuario,Validar que el estatus cambie a activo,No Ejecutado
Expediente pantalla catalogos,PF_CP_046,Validación de la pantalla del menú Catálogos,1.- Seleccionar el botón Catálogos que se encuentra de lado izquierdo de la pantalla,Muestra el título de catálogos con una lista desplegable en el cual contiene: -Nacionalidades -profesiones -campaña -código de país -productos -días festivos -versiones,No Ejecutado
Expediente pantalla Catálogos - Nacionalidades,PF_CP_047,Validación de la pantalla del menú Catálogos - Nacionalidades,1.- Seleccionar sobre la lista desplegable la opción Nacionalidades,"Muestra el botón de Agregar elemento, y la tabla de nacionalidades con su: -Descripción, -estatus, -detalle -inactivar",No Ejecutado
Expediente pantalla Catálogos - Nacionalidades,PF_CP_048,Validación del botón agregar elemento del menú de catálogos - nacionalidades,1.- Seleccionar el botón agregar elemento 2.- Agregar la descripción 3.- Presionar el botón Aceptar,Muestra la nacionalidad agregada en la tabla de nacionalidades,No Ejecutado
Expediente pantalla Catálogos - Nacionalidades,PF_CP_049,Validar Numero de caracteres,1.- Seleccionar el botón agregar elemento 2.- Agregar la descripción 3.- Presionar el botón Aceptar,Permite solo 100 caracteres Tipo alfanumericos y caracteres especiales,No Ejecutado
Expediente pantalla Catálogos - Nacionalidades,PF_CP_050,Validación del botón ver detalle del menú de catálogos - nacionalidades,1.- Seleccionar el botón ver con el ícono de un ojo,"Muestra la pantalla con la descripción, el botón editar datos y el botón ""X""",No Ejecutado
Expediente pantalla Catálogos - Nacionalidades,PF_CP_051,Validación de la edición de alguna nacionalidad sobre el detalle del menú de catálogos - nacionalidades,1.- Seleccionar el botón ver con el ícono de un ojo 2.- Seleccionar el botón Editar datos 3.- Editar la información 4.- Seleccionar el botón aceptar,Muestra la tabla de nacionalidades con la información editada,No Ejecutado
Expediente pantalla Catálogos - Nacionalidades,PF_CP_052,Validación de la funcinalidad del botón inactivar,1.- Seleccionar el botón inactivar 2.- Seleccionar el botón aceptar al mostrarse el popup: ¿Estas seguro de inactivar el elemento del catálogo?,Muestra la tabla de nacionalidades con la nacaionalidad inactiva,No Ejecutado
Expediente pantalla Catálogos - Nacionalidades,PF_CP_053,Validación de la funcinalidad del botón activar registro,1.- Seleccionar el botón detalle de la nacionalidad inactiva 2.- Presionar el botón Activar registrro,Muestra la tabla de nacionalidades con la nacaionalidad activa,No Ejecutado
Expediente pantalla Catálogos - Profesiones,PF_CP_054,Validación de la pantalla del menú Catálogos - Profesiones,1.- Seleccionar sobre la lista desplegable la opción Profesiones,"Muestra el botón de Agregar elemento, y la tabla de Profesiones con su: -Descripción, -estatus, -detalle -inactivar",No Ejecutado
Expediente pantalla Catálogos - Profesiones,PF_CP_055,Validación del botón agregar elemento del menú de catálogos - Profesiones,1.- Seleccionar el botón agregar elemento 2.- Agregar la descripción 3.- Presionar el botón Aceptar,Muestra la Profesion agregada en la tabla de Profesiones,No Ejecutado
Expediente pantalla Catálogos - Profesiones,PF_CP_056,Validar Numero de caracteres,1.- Seleccionar el botón agregar elemento 2.- Agregar la descripción 3.- Presionar el botón Aceptar,Permite solo 250 caracteres Tipo alfanumericos y caracteres especiales,No Ejecutado
Expediente pantalla Catálogos - Profesiones,PF_CP_057,Validación del botón ver detalle del menú de catálogos - Profesiones,1.- Seleccionar el botón ver con el ícono de un ojo,"Muestra la pantalla con la descripción, el botón editar datos y el botón ""X""",No Ejecutado
Expediente pantalla Catálogos - Profesiones,PF_CP_058,Validación de la edición de alguna Profesiones sobre el detalle del menú de catálogos - Profesiones,1.- Seleccionar el botón ver con el ícono de un ojo 2.- Seleccionar el botón Editar datos 3.- Editar la información 4.- Seleccionar el botón aceptar,Muestra la tabla de Profesiones con la información editada,No Ejecutado
Expediente pantalla Catálogos - Profesiones,PF_CP_059,Validación de la funcinalidad del botón inactivar,1.- Seleccionar el botón inactivar 2.- Seleccionar el botón aceptar al mostrarse el popup: ¿Estas seguro de inactivar el elemento del catálogo?,Muestra la tabla de Profesiones con la Profesion inactiva,No Ejecutado
Expediente pantalla Catálogos - Profesiones,PF_CP_060,Validación de la funcinalidad del botón activar registro,1.- Seleccionar el botón detalle de la Profesiones inactiva 2.- Presionar el botón Activar registrro,Muestra la tabla de Profesiones con la Profesion activa,No Ejecutado
Expediente pantalla Catálogos - Campaña,PF_CP_061,Validación de la pantalla del menú Catálogos - Campaña,1.- Seleccionar sobre la lista desplegable la opción Campaña,"Muestra el botón de Agregar elemento, y la tabla de Campañas con su: -Codigo, -promotor -estatus, -detalle -inactivar",No Ejecutado
Expediente pantalla Catálogos - Campaña,PF_CP_062,Validación del botón agregar elemento del menú de catálogos - Campaña,1.- Seleccionar el botón agregar elemento 2.- Agregar el codigo y el promotor 3.- Presionar el botón Aceptar,Muestra la Campaña agregada en la tabla de Campañas,No Ejecutado
Expediente pantalla Catálogos - Campaña,PF_CP_063,Validar Numero de caracteres campo Codigo,1.- Seleccionar el botón agregar elemento 2.- Agregar la descripción 3.- Presionar el botón Aceptar,Permite solo 250 caracteres (Permite mas de 250 caracteres) Tipo alfanumericos y caracteres especiales,No Ejecutado
Expediente pantalla Catálogos - Campaña,PF_CP_064,Validar Numero de caracteres campo promotor,1.- Seleccionar el botón agregar elemento 2.- Agregar la descripción 3.- Presionar el botón Aceptar,Permite solo 250 caracteres Tipo alfanumericos y caracteres especiales,No Ejecutado
Expediente pantalla Catálogos - Campaña,PF_CP_065,Validación del botón ver detalle del menú de catálogos - Campaña,1.- Seleccionar el botón ver con el ícono de un ojo,"Muestra la pantalla con el codigo, promotor, el botón editar datos y el botón ""X""",No Ejecutado
Expediente pantalla Catálogos - Campaña,PF_CP_066,Validación de la edición de alguna Campaña sobre el detalle del menú de catálogos - Campaña,1.- Seleccionar el botón ver con el ícono de un ojo 2.- Seleccionar el botón Editar datos 3.- Editar la información 4.- Seleccionar el botón aceptar,Muestra la tabla de Campañas con la información editada,No Ejecutado
Expediente pantalla Catálogos - Campaña,PF_CP_067,Validación de la funcinalidad del botón inactivar,1.- Seleccionar el botón inactivar 2.- Seleccionar el botón aceptar al mostrarse el popup: ¿Estas seguro de inactivar el elemento del catálogo?,Muestra la tabla de Campañas con la Campaña inactiva,No Ejecutado
Expediente pantalla Catálogos - Campaña,PF_CP_068,Validación de la funcinalidad del botón activar registro,1.- Seleccionar el botón detalle de la Campaña inactiva 2.- Presionar el botón Activar registrro,Muestra la tabla de Campañas con la Campaña activa,No Ejecutado
Expediente pantalla Catálogos - Codigo de pais,PF_CP_069,Validación de la pantalla del menú Catálogos - Codigo de pais,1.- Seleccionar sobre la lista desplegable la opción Codigo de pais,"Muestra el botón de Agregar elemento, y la tabla de codigo de pais con su: -Imagen, -Codigo -estatus, -detalle -inactivar",No Ejecutado
Expediente pantalla Catálogos - Codigo de pais,PF_CP_070,Validación del botón agregar elemento del menú de catálogos - Codigo de pais,1.- Seleccionar el botón agregar elemento 2.- Agregar el codigo y una imagen 3.- Presionar el botón Aceptar,Muestra la nacionalidad agregada en la tabla de Codigo de pais,No Ejecutado
Expediente pantalla Catálogos - Codigo de pais,PF_CP_071,Validar Numero de caracteres campo Codigo,1.- Seleccionar el botón agregar elemento 2.- Agregar la descripción 3.- Presionar el botón Aceptar,Permite solo 100 caracteres Tipo alfanumericos y +,No Ejecutado
Expediente pantalla Catálogos - Codigo de pais,PF_CP_072,Validación del botón ver detalle del menú de catálogos - Codigo de pais,1.- Seleccionar el botón ver con el ícono de un ojo,"Muestra la pantalla con la imagen, codigo, el botón editar datos y el botón ""X""",No Ejecutado
Expediente pantalla Catálogos - Codigo de pais,PF_CP_073,Validación de la edición de algun codigo de pais sobre el detalle del menú de catálogos - Codigo de pais,1.- Seleccionar el botón ver con el ícono de un ojo 2.- Seleccionar el botón Editar datos 3.- Editar la información 4.- Seleccionar el botón aceptar,Muestra la tabla de Codigo de pais con la información editada,No Ejecutado
Expediente pantalla Catálogos - Codigo de pais,PF_CP_074,Validación de la funcinalidad del botón inactivar,1.- Seleccionar el botón inactivar 2.- Seleccionar el botón aceptar al mostrarse el popup: ¿Estas seguro de inactivar el elemento del catálogo?,Muestra la tabla de Codigo de pais con el Codigo de pais inactiva,No Ejecutado
Expediente pantalla Catálogos - Codigo de pais,PF_CP_075,Validación de la funcinalidad del botón activar registro,1.- Seleccionar el botón detalle del Codigo de pais inactivo 2.- Presionar el botón Activar registrro,Muestra la tabla de Codigo de pais con el Codigo de pais activa,No Ejecutado
Expediente pantalla Catálogos - Productos,PF_CP_076,Validación de la pantalla del menú Catálogos - Productos,1.- Seleccionar sobre la lista desplegable la opción Productos,"Muestra el botón de Agregar elemento, y la tabla de productos con su: -Imagen, -nombre -codigo -link -estatus, -detalle -inactivar",No Ejecutado
Expediente pantalla Catálogos - Productos,PF_CP_077,Validación del botón agregar elemento del menú de catálogos - Productos,"1.- Seleccionar el botón agregar elemento 2.- Agregar la imagen, nombre, codigo, link 3.- Presionar el botón Aceptar",Muestra el Producto agregada en la tabla de Productos,No Ejecutado
Expediente pantalla Catálogos - Productos,PF_CP_078,Validar Numero de caracteres campo Nombre,1.- Seleccionar el botón agregar elemento 2.- Agregar la descripción 3.- Presionar el botón Aceptar,Permite solo 100 caracteres Tipo alfanumericos y caracteres especiales,No Ejecutado
Expediente pantalla Catálogos - Productos,PF_CP_079,Validar Numero de caracteres campo Codigo,1.- Seleccionar el botón agregar elemento 2.- Agregar la descripción 3.- Presionar el botón Aceptar,Permite solo 10 caracteres Tipo alfanumericos,No Ejecutado
Expediente pantalla Catálogos - Productos,PF_CP_080,Validar Numero de caracteres campo Link,1.- Seleccionar el botón agregar elemento 2.- Agregar la descripción 3.- Presionar el botón Aceptar,Permite solo 200 caracteres Tipo alfanumericos y caracteres especiales,No Ejecutado
Expediente pantalla Catálogos - Productos,PF_CP_081,Validación del botón ver detalle del menú de catálogos - Productos,1.- Seleccionar el botón ver con el ícono de un ojo,"Muestra la pantalla con la imagen, nombre, codigo, link, el botón editar datos y el botón ""X""",No Ejecutado
Expediente pantalla Catálogos - Productos,PF_CP_082,Validación de la edición de alguna Producto sobre el detalle del menú de catálogos - Productos,1.- Seleccionar el botón ver con el ícono de un ojo 2.- Seleccionar el botón Editar datos 3.- Editar la información 4.- Seleccionar el botón aceptar,Muestra la tabla de Productos con la información editada,No Ejecutado
Expediente pantalla Catálogos - Productos,PF_CP_083,Validación de la funcinalidad del botón inactivar,1.- Seleccionar el botón inactivar 2.- Seleccionar el botón aceptar al mostrarse el popup: ¿Estas seguro de inactivar el elemento del catálogo?,Muestra la tabla de Productos con el Producto inactiva,No Ejecutado
Expediente pantalla Catálogos - Productos,PF_CP_084,Validación de la funcinalidad del botón activar registro,1.- Seleccionar el botón detalle del Productos inactiva 2.- Presionar el botón Activar registrro,Muestra la tabla de Productos con el Producto activa,No Ejecutado
Expediente pantalla Catálogos - Dias festivos,PF_CP_085,Validación de la pantalla del menú Catálogos - Dias festivos,1.- Seleccionar sobre la lista desplegable la opción Dias festivos,"Muestra el botón de Agregar elemento, y la tabla de Dias festivos con su: -Dia festivo, -estatus, -detalle -inactivar",No Ejecutado
Expediente pantalla Catálogos - Dias festivos,PF_CP_086,Validación del botón agregar elemento del menú de catálogos - Dias festivos,1.- Seleccionar el botón agregar elemento 2.- Agregar el Dia festivo 3.- Presionar el botón Aceptar,Muestra la nacionalidad agregada en la tabla de Dias festivos,No Ejecutado
Expediente pantalla Catálogos - Dias festivos,PF_CP_087,Validar Numero de caracteres campo Fecha,1.- Seleccionar el botón agregar elemento 2.- Agregar la descripción 3.- Presionar el botón Aceptar,Permite solo 8 caracteres Tipo numerico,No Ejecutado
Expediente pantalla Catálogos - Dias festivos,PF_CP_088,Validar Botón calendario,1.- Seleccionar el botón agregar elemento 2.- Agregar la descripción 3.- Presionar el botón Calendario,Validar que permita seleccionar una fecha del calendario Solo estarán habilitadas las fechas desde hoy en adelante.,No Ejecutado
Expediente pantalla Catálogos - Dias festivos,PF_CP_089,Validación del botón ver detalle del menú de catálogos - Dias festivos,1.- Seleccionar el botón ver con el ícono de un ojo,"Muestra la pantalla con el dia festivo, el botón editar datos y el botón ""X""",No Ejecutado
Expediente pantalla Catálogos - Dias festivos,PF_CP_090,Validación de la edición de alguna nacionalidad sobre el detalle del menú de catálogos - Dias festivos,1.- Seleccionar el botón ver con el ícono de un ojo 2.- Seleccionar el botón Editar datos 3.- Editar la información 4.- Seleccionar el botón aceptar,Muestra la tabla de Dias festivos con la información editada,No Ejecutado
Expediente pantalla Catálogos - Dias festivos,PF_CP_091,Validación de la funcinalidad del botón inactivar,1.- Seleccionar el botón inactivar 2.- Seleccionar el botón aceptar al mostrarse el popup: ¿Estas seguro de inactivar el elemento del catálogo?,Muestra la tabla de Dias festivos con el dia festivo inactiva,No Ejecutado
Expediente pantalla Catálogos - Dias festivos,PF_CP_092,Validación de la funcinalidad del botón activar registro,1.- Seleccionar el botón detalle del Dias festivos inactiva 2.- Presionar el botón Activar registrro,Muestra la tabla de Dias festivos con el Dia festivo activa,No Ejecutado
Expediente pantalla Catálogos - Versiones,PF_CP_093,Validación de la pantalla del menú Catálogos - Versiones,1.- Seleccionar sobre la lista desplegable la opción Versiones,"Muestra el botón de Agregar elemento, y la tabla de Versiones con su: -Descripción, -Valor -estatus, -detalle -inactivar",No Ejecutado
Expediente pantalla Catálogos - Versiones,PF_CP_094,Validación del botón agregar elemento del menú de catálogos - Versiones,1.- Seleccionar el botón agregar elemento 2.- Agregar la descripción y el valor 3.- Presionar el botón Aceptar,Muestra la Version agregada en la tabla de Versiones,No Ejecutado
Expediente pantalla Catálogos - Versiones,PF_CP_095,Validar Numero de caracteres campo Fecha,1.- Seleccionar el botón agregar elemento 2.- Agregar la descripción 3.- Presionar el botón Aceptar,Permite solo 8 caracteres Tipo numerico,No Ejecutado
Expediente pantalla Catálogos - Versiones,PF_CP_096,Validar Botón calendario,1.- Seleccionar el botón agregar elemento 2.- Agregar la descripción 3.- Presionar el botón Calendario,Validar que permita seleccionar una fecha del calendario Solo estarán habilitadas las fechas desde hoy en adelante.,No Ejecutado
Expediente pantalla Catálogos - Versiones,PF_CP_097,Validación del botón ver detalle del menú de catálogos - Versiones,1.- Seleccionar el botón ver con el ícono de un ojo,"Muestra la pantalla con la descripción, valor, el botón editar datos y el botón ""X""",No Ejecutado
Expediente pantalla Catálogos - Versiones,PF_CP_098,Validación de la edición de alguna nacionalidad sobre el detalle del menú de catálogos - Versiones,1.- Seleccionar el botón ver con el ícono de un ojo 2.- Seleccionar el botón Editar datos 3.- Editar la información 4.- Seleccionar el botón aceptar,Muestra la tabla de Versiones con la información editada,No Ejecutado
Expediente pantalla Catálogos - Versiones,PF_CP_099,Validación de la funcinalidad del botón inactivar,1.- Seleccionar el botón inactivar 2.- Seleccionar el botón aceptar al mostrarse el popup: ¿Estas seguro de inactivar el elemento del catálogo?,Muestra la tabla de Versiones con la Version inactiva,No Ejecutado
Expediente pantalla Catálogos - Versiones,PF_CP_100,Validación de la funcinalidad del botón activar registro,1.- Seleccionar el botón detalle de la Version inactiva 2.- Presionar el botón Activar registrro,Muestra la tabla de Versiones con la Version activa,No Ejecutado
Expediente pantalla Tasas e interés,PF_CP_101,Validación de la pantalla del menú Tasas de interés,1.- Seleccionar el botón Tasas de interés que se encuentra de lado izquierdo de la pantalla,Muestra el título de Tasas de interés con una lista desplegable en el cual contiene: tasas de interés y costo financiero total,No Ejecutado
Expediente pantalla Tasas e interés,PF_CP_102,Validación de la funcionalidad de la opción de tasas de interés sobre el menú de tasas de interés,1.- Seleccionar el botón Tasas de interés de la lista deplegable de tipo de tasa 2.- Seleccionar el año y mes,"Muestra 2 tablas de tasas de intereses, los financieros y los punitorios",No Ejecutado
Expediente pantalla Tasas e interés,PF_CP_103,Validar que se pueda editar el porcentaje de interes sobre la pantalla y opción de tasas de interés,1.- Editar el porcentaje de cualquier tasa 2.- Seleccionar el botón actualizar,"Muestra 2 tablas de tasas de intereses, los financieros y los punitorios actualizada",No Ejecutado
Expediente pantalla Tasas e interés,PF_CP_104,Validar caracteres campos tasa de interes,1.- Seleccionar el botón Tasas de interés de la lista deplegable de tipo de tasa 2.- Seleccionar el año y mes,Permite solo 9 caracteres Tipo numerico separado con un punto cada 3 numeros,No Ejecutado
Expediente pantalla Tasas e interés,PF_CP_105,Validación de la funcionalidad de la opción de Costo Financiero Total sobre el menú de tasas de interés,1.- Seleccionar el botón Costo Financiero Total de la lista deplegable de tipo de tasa 2.- Seleccionar el año y mes,"Muestra la tabal de costo financiero total con CFT2, CFT(Pesos) y CFT(Dolares)",No Ejecutado
Expediente pantalla Tasas e interés,PF_CP_106,Validar que se pueda agregar el porcentaje para costo financiero total,1.- Seleccionar el botón Costo Financiero Total de la lista deplegable de tipo de tasa 2.- Seleccionar el año y mes 3.- agregar los porcentajes de cft pesos y cft dolares 4.- Seleccionar el botón Agregar,Muestra la pantalla de información agregada,No Ejecutado
Expediente pantalla Tasas e interés,PF_CP_107,Validar caracteres campos costo financiero total,1.- Seleccionar el botón Tasas de interés de la lista deplegable de tipo de tasa 2.- Seleccionar el año y mes,Permite solo 9 caracteres Tipo numerico separado con un punto cada 3 numeros,No Ejecutado
Solicitudes pantalla Expediente,PF_CP_108,Validación de la pantalla del menú Expediente,1.- Seleccionar el botón Expediente que se encuentra de lado izquierdo de la pantalla,"Muestra el título de Solicitudes con un botón de crear solicitud, importar,exportar y filtrar. Adicional muestra la tabla de las solicitudes existentes",No Ejecutado
Solicitudes pantalla Expediente,PF_CP_109,Validacion de la tabla de solicitudes,1.- Seleccionar el botón Expediente que se encuentra de lado izquierdo de la pantalla,"Muestra la tabla con las solicitudes realizadas, debera tener la siguiente informacion: -Referencia -Nombre -Apellido(s) -DNI -Producto -Fecha creacion -Fecha modificacion -Campaña -Creado por -Estatus -Ver detalle -Zip -Doc.Griffin -Seleccionar todo",No Ejecutado
Solicitudes pantalla Expediente,PF_CP_110,Validación de la funcionalidad del botón crear solicitud,1.- Seleccionar el botón crear solicitud. 2.- Llenar todos los campos requeridos 3.- Seleccionar el botón Crear Solicitud,Muestra una alerta indicando Solicitud creada exitosamente y muestra la solicitud en la tabala de solicitudes,No Ejecutado
Solicitudes pantalla Expediente,PF_CP_111,Validar Campo Nombres,1.- Seleccionar el botón crear solicitud. 2.- Tap Campo Nombre,Validar que solo permita 32 caracteres Permite solo caracteres alfabeticos,No Ejecutado
Solicitudes pantalla Expediente,PF_CP_112,Validar Campo DNI,1.- Seleccionar el botón crear solicitud. 2.- Tap Campo DNI,Validar que solo permita 8 caracteres Permite solo caracteres numericos,No Ejecutado
Solicitudes pantalla Expediente,PF_CP_113,Validar Campo Apellidos,1.- Seleccionar el botón crear solicitud. 2.- Tap Campo Apellidos,Validar que solo permita 32 caracteres Permite solo caracteres Alfabeticos,No Ejecutado
Solicitudes pantalla Expediente,PF_CP_114,Validar Campo CUIL,1.- Seleccionar el botón crear solicitud. 2.- Tap Campo CUIL,Validar que solo permita 11 caracteres Permite solo caracteres Alfabeticos,No Ejecutado
Solicitudes pantalla Expediente,PF_CP_115,Validar Campo Fecha de Nacimiento,1.- Seleccionar el botón crear solicitud. 2.- Tap Campo Fecha de Nacimiento,Validar que solo permita 8 caracteres Permite solo caracteres Numericos,No Ejecutado
Solicitudes pantalla Expediente,PF_CP_116,Validar Campo Fecha de Nacimiento,1.- Seleccionar el botón crear solicitud. 2.- Tap Campo Nacionalidad,Validar que solo permita 8 caracteres Permite solo caracteres Numericos,No Ejecutado
Solicitudes pantalla Expediente,PF_CP_117,Validar Campo Dirección,1.- Seleccionar el botón crear solicitud. 2.- Tap Campo Dirección,Validar que permita caracteres alfanuméricos y un máximo de 100 caracteres,No Ejecutado
Solicitudes pantalla Expediente,PF_CP_118,Validar opción Adicionales PEP,1. Seleccionar el botón de Crear solicitud,Validar que en esta sección se muestren dos opciones: No adicionales y con adicionales.,No Ejecutado
Solicitudes pantalla Expediente,PF_CP_119,Adicionales,1. Seleccionar el botón de Crear solicitud 2. Dar tap en Adicionales,Validar que al dar ap en adicionales se abre una nueva sección para registrar los datos de cada adicional con el botón Agregar PEP,No Ejecutado
Solicitudes pantalla Expediente,PF_CP_120,Agregar adicional PEP,1. Seleccionar el botón de Crear solicitud 2. Dar tap en Adicionales 3. Dar tap en agregar Adicional PEP,"El sistema abre un modal para registrar Nombre, Apellido, DNI, Cargo y Relación, todos son obligatorios para poder habilitar el botón Continuar",No Ejecutado
Solicitudes pantalla Expediente,PF_CP_121,Editar/Eliminar PEP,1. Seleccionar el botón de Crear solicitud 2. Dar tap en Adicionales 3. Dar tap en agregar Adicional PEP 4. Dar tap en Editar o eliminar,El sistema muestra dos íconos en el registro del PEP para poder editar o eliminar este.,No Ejecutado
Solicitudes pantalla Expediente,PF_CP_122,Validar Check Condicionada a ingresos,1. Seleccionar el botón de Crear solicitud,El check por defaul está sin seleccionar y así se crean solicitudes con estatus Creado,No Ejecutado
Solicitudes pantalla Expediente,PF_CP_123,Condicionada a ingresos,1. Seleccionar el botón de Crear solicitud 2. Seleccionar la opción Condicionada a ingresos,Al seleccionar el Check se crean solicitudes con estatus Condicionada a ingresos,No Ejecutado
Solicitudes pantalla Expediente,PF_CP_124,Validación de la funcionalidad del botón eliminar solicitudes,1.- Seleccionar el botón eliminar solicitudes. 2.- Seleccionar el layout de eliminación de solicitudes 3.- Seleccionar el botón aceptar,Muestra la pantalla de solicitudes eliminadas,No Ejecutado
Solicitudes pantalla Expediente,PF_CP_125,Validación de la funcionalidad del botón importar,1.- Seleccionar el botón importar.,"Muestra la pantalla para cargar el documento y registrar solicitudes masivas, así como el botón para descargar el Layout de ejemplo.",No Ejecutado
Solicitudes pantalla Expediente,PF_CP_126,Cargar documento,1.- Seleccionar el botón importar. 2.- Seleccionar el botón de descarga layout 3.- Cargar el layout 4.- Seleccionar el botón continuar,"Muestra la pantalla de cuantas solicitudes se cargaron y cuantas con error, así como la descarga de un excel donde viene detallado cada error.",No Ejecutado
Solicitudes pantalla Expediente,PF_CP_127,Validación de la funcionalidad del botón Exportar,1.- Seleccionar el botón exportar,Realiza la descarga de un archivo excel en el que contiene: Id_Solicitud(cid:9)Referencia(cid:9)Nombre(cid:9)Apellid o(s)(cid:9)DNI(cid:9)Producto(cid:9)Fecha creación(cid:9)Fecha modificación(cid:9)Campaña(cid:9)Creada por(cid:9)Estatus,No Ejecutado
Solicitudes pantalla Expediente,PF_CP_128,Validación de la funcionalidad del botón Filtrar,"1.- Seleccionar el botón filtrar 2.- Ingresar la información de los campos a filtrar, ya sea por referencia, DNI, nombre,apellido, rol, estatus, fecha inicio, fecha fin, o por todos los campos 3.- Seleccionar el botón buscar",Muestra la tabla con el filtro realizado,No Ejecutado
Solicitudes pantalla Expediente,PF_CP_129,Validación de la funcionalidad del botón detalle,1.- Seleccionar el botón detalle que tiene un ícono de ojo,"Muestra el detalle de la solicitud con la imágen de la tarjeta, el DNI, Firma, Carátula, Renaper, Devolver, Dictaminar.",No Ejecutado
Solicitudes pantalla Expediente,PF_CP_130,Validación del detalle de expediente con un estatus creado,1.- Seleccionar el botón detalle que tiene un ícono de ojo,"Muestra el detalle de la solicitud con la imágen de la tarjeta, el DNI, y los campos de Firma, Carátula, Renaper, Devolver, Dictaminar deshabilitados.",No Ejecutado
Solicitudes pantalla Expediente,PF_CP_131,Validación del detalle de expediente con un estatus ingreso,1.- Seleccionar el botón detalle que tiene un ícono de ojo,"Muestra el detalle de la solicitud con la imágen de la tarjeta, el DNI, y los campos de Firma, Carátula, Renaper, Devolver Dictaminar deshabilitados.",No Ejecutado
Solicitudes pantalla Expediente,PF_CP_132,Validación del detalle de expediente con un estatus aviso de privacidad,1.- Seleccionar el botón detalle que tiene un ícono de ojo,"Muestra el detalle de la solicitud con la imágen de la tarjeta, el DNI, y los campos de Firma, Carátula, Renaper, Devolver, Dictaminar deshabilitados y se genera el estatus de solicitud de vuelta",Cancelado
Solicitudes pantalla Expediente,PF_CP_133,Validación del detalle de expediente con un estatus identificación oficial,1.- Seleccionar el botón detalle que tiene un ícono de ojo,"Muestra el detalle de la solicitud con la imágen de la tarjeta, el DNI capturado, y los campos de Firma, Carátula, Renaper, devolver, Dictaminar deshabilitados",No Ejecutado
Solicitudes pantalla Expediente,PF_CP_134,Validación del detalle de expediente con un estatus Validación de identidad,1.- Seleccionar el botón detalle que tiene un ícono de ojo,"Muestra el detalle de la solicitud con la imágen de la tarjeta, el DNI capturado, y los campos de Firma, Carátula, Renaper, devolver, Dictaminar deshabilitados",No Ejecutado
Solicitudes pantalla Expediente,PF_CP_135,Validación del detalle de expediente con un estatus Terminos y condiciones,1.- Seleccionar el botón detalle que tiene un ícono de ojo,"Muestra el detalle de la solicitud con la imágen de la tarjeta, el DNI, y los campos de Firma, Carátula, Renaper, Devolver, Dictaminar deshabilitados",No Ejecutado
Solicitudes pantalla Expediente,PF_CP_136,Validación del detalle de expediente con un estatus Pendiente de firma,1.- Seleccionar el botón detalle que tiene un ícono de ojo,"Muestra el detalle de la solicitud con la imágen de la tarjeta, el DNI habilitado, Carátula habilitadoi, y los campos de Firma, Renaper, Devolver habilitado y Dictaminar deshabilitados",No Ejecutado
Solicitudes pantalla Expediente,PF_CP_137,Validación del detalle de expediente con un estatus Firmada,1.- Seleccionar el botón detalle que tiene un ícono de ojo,"Muestra el detalle de la solicitud con la imágen de la tarjeta, el DNI, y los campos de Firma, Carátula, Dictaminar deshabilitados",No Ejecutado
Solicitudes pantalla Expediente,PF_CP_138,Validación del detalle de expediente con un estatus por dictaminar,1.- Seleccionar el botón detalle que tiene un ícono de ojo,"Muestra el detalle de la solicitud con la imágen de la tarjeta, el DNI, y los campos de Firma, Carátula, Renaper, Devolver Dictaminar habilitados",No Ejecutado
Solicitudes pantalla Expediente,PF_CP_139,Validación del detalle de expediente con un estatus denegada,1.- Seleccionar el botón detalle que tiene un ícono de ojo,"Muestra el detalle de la solicitud con la imágen de la tarjeta, el DNI, y los campos de Firma, Carátula, Renaper, Devolver Dictaminar habilitados",No Ejecutado
Solicitudes pantalla Expediente,PF_CP_140,Validación del detalle de expediente con un estatus aprobada,1.- Seleccionar el botón detalle que tiene un ícono de ojo,"Muestra el detalle de la solicitud con la imágen de la tarjeta, el DNI, y los campos de Firma, Carátula, Renaper, Devolver Dictaminar habilitados",No Ejecutado
Solicitudes pantalla Expediente,PF_CP_141,Validación del detalle de expediente con un estatus Cancelado por datos erróneos,1.- Seleccionar el botón detalle que tiene un ícono de ojo,"Muestra el detalle de la solicitud con la imágen de la tarjeta, el DNI, y los campos de Firma, Carátula,Renaper, Devolver Dictaminar deshabilitados y se genera el estatus de solicitud de vuelta",No Ejecutado
Solicitudes pantalla Expediente,PF_CP_142,Validación de la funcionalidad del botón ZIP,1.- Seleccionar el botón ZIP,Muestra una carpeta comprimida en donde se encuentra todos los documentos cargados,No Ejecutado
Solicitudes pantalla Expediente,PF_CP_143,Validación de la funcionalidad del botón ZIP Griffin,1. Seleccionar el botón ZIP Griffin,"Muestra una carpeta comprimirda con el documento de Renaper, los archivos de iSneg rmesoosst yr aerl ad oucnu mpoenptuop fi rcmoand loa.",No Ejecutado
Solicitudes pantalla Expediente,PF_CP_144,Validacion de la funcionalidad del boton de Aprobar solicitudes,1.- Seleccionar una o varias solicitudes 2.- Tap en el boton Aprobar solicitudes,"leyenda ""Aprobar solicitudes Se aprobara X solicitudes seleccionadas"" y se actualizara el estado de las solicitudes como Se mostraArpar oubna pdoapsup con la",No Ejecutado
Solicitudes pantalla Expediente,PF_CP_145,Validacion de la funcionalidad del boton de Denegar solicitudes,1.- Seleccionar una o varias solicitudes 2.- Tap en el boton Denegar solicitudes,"leyenda ""Denegar solicitudes Se denegaran X solicitudes seleccionadas"" y se actualizara el estado de las solicitudes como Denegadas",No Ejecutado
Solicitudes pantalla Expediente,PF_CP_146,Validación de la funcionalidad del botón Doc. Griffin,1.- Seleccionar el botón Doc. Griffin,"Muestra una carpeta comprimida en donde se encuentra el expediente de identificacion, renaper y la firma",No Ejecutado
Expediente pantalla Costos,PF_CP_147,Validación de la pantalla del menú Costos,1.- Seleccionar el botón Costos que se encuentra de lado izquierdo de la pantalla,"Muestra una pantalla con los productos disponibles, La imagen, su nombre y el boton de seleccionar",No Ejecutado
Expediente pantalla Costos,PF_CP_148,Validacion del boton de Seleccionar de un producto,1.- Tap en el boton Seleccionar de algun producto,Muestra una nueva pantalla donde se observar el costo de la tarjeta al seleccionar un año y un mes,No Ejecutado
Expediente pantalla Costos,PF_CP_149,Validacion del boton de Agregar costo,1.- Tap en el boton Agregar costo 2.- Completar la informacion 3.- Tap en guardar,Muestra un popup donde se debera ingresar la informacion del costo: -Ingreso minimo -Costo por tarjeta -Cuotal metal y se guarda el registro que se mostrará en la pantalla,No Ejecutado
Expediente pantalla Costos,PF_CP_150,Validacion del boton de Editar costo,1.- Tap en el boton Editar costo 2.- Editar la informacion 3.- Tap en guardar,Muestra un popup donde se podra editar la informacion del costo: -Ingreso minimo -Costo por tarjeta -Cuotal metal y se guarda el registro que se mostrará en la pantalla,No Ejecutado
Expediente pantalla Cuotas generales,PF_CP_151,Validación de la pantalla del menú Cuotas generales,1.- Seleccionar el botón Cuotas generales que se encuentra de lado izquierdo de la pantalla,"Muestra una pantalla donde se puede seleccionar un mes y año junto con una tabla con el nombre del producto, su costo y un boton para guardar la informacion",No Ejecutado
Expediente pantalla Cuotas generales,PF_CP_152,Validacion del boton de guardar,1.- Seleccioanr el boton guardar,Se actualizara la pantalla con la nueva informacion ingresada,No Ejecutado
Expediente pantalla Reportes,PF_CP_153,Validación de la pantalla del menú Reportes,1.- Seleccionar el menú del lado izquierdo que tiene por nombre reportes,"Muestra los siguientes campos y botones leaderboarder Seleccione el tipo de reporte Reporte general Reporte totales URL Reporte totales mensaje whatsapp Filtros Fecha inicio Fecha fin Referencia DNI Nombre Apellido Rol Estatus Campaña P.E.P.: Si No Sujeto obligado: Si No Generar reporte, Limpiar filtros",No Ejecutado
Expediente pantalla Reportes,PF_CP_154,Validación de generación de reporte con el filtro de reporte general,1.- Seleccionar el tipo de reporte con reporte general 2.- Llenar los campos si es necesario de acuerdo a las necesidades de busqueda 3.-Presionar el botón de generar reporte,Se descarga un archivo excel con la siguiiente información:Id(cid:9)Referencia(cid:9)Nombre(cid:9)Apellidos DNI(cid:9)Estatus de la solicitud(cid:9)Fecha Creación(cid:9)Fecha modificación(cid:9)Producto(cid:9)Campaña(cid:9)Geolocaliz ación(cid:9)Resultado de biometría(cid:9)Porcentaje de coincidencia(cid:9)Dispositivo usado(cid:9)Sitema operativo(cid:9)Sujeto obligado(cid:9)P.E.P.(cid:9)P.E.P.(cargo / función / jerarquía)(cid:9)Creado por,No Ejecutado
Expediente pantalla Reportes,PF_CP_155,"Validación de generación de reporte sin información con el filtro de reporte general, reporte totales url o reporte totales mensajes whatsapp",1.- Seleccionar el tipo de reporte con reporte general 2.- Llenar los campos si es necesario de acuerdo a las necesidades de busqueda 3.-Presionar el botón de generar reporte,Muestra un mensaje indicando AMEX Argentina No se encontraron resultados.,No Ejecutado
Expediente pantalla Reportes,PF_CP_156,Validación del botón limpiar filtros,1.- Seleccionar el tipo de reporte con reporte general 2.- Llenar los campos si es necesario de acuerdo a las necesidades de busqueda 3.-Presionar el botón limpiar filtros,Se borran los datos que se agregaron para el filtro,No Ejecutado
Expediente pantalla Reportes,PF_CP_157,Validación de generación de reporte con el filtro de reporte totales URL,1.- Seleccionar el tipo de reporte con reporte totales URL 2.- Llenar los campos si es necesario de acuerdo a las necesidades de busqueda 3.-Presionar el botón de generar reporte,Se descarga un archivo excel con la siguiiente información: Pestaña totales: Total de Urls creadas Pestaña data: Id(cid:9)Referencia(cid:9)Fecha Creación(cid:9)Creado por(cid:9)Key Url(cid:9)Fecha expiración(cid:9)Estatus Url,No Ejecutado
Expediente pantalla Reportes,PF_CP_158,Validación de generación de reporte con el filtro de reporte totales mensaje whatsapp,1.- Seleccionar el tipo de reporte con reporte totales mensajes whatsapp 2.- Llenar los campos si es necesario de acuerdo a las necesidades de busqueda 3.-Presionar el botón de generar reporte,Se descarga un archivo excel con la siguiiente información: Pestaña Totales: Total de mensajes WhatsApp enviados Pestaña data: Campaña(cid:9)Referencia(cid:9)DNI(cid:9)Plantilla(cid:9)Fecha envio(cid:9)Teléfono origen(cid:9)Télefono destino(cid:9)Enviado(cid:9)Respuesta API(cid:9)Fecha Epiron(cid:9)Resultado Epiron,No Ejecutado
Expediente pantalla Dashboard Firmas,PF_CP_159,Validación de la pantalla del menú Dashboard Firmas,1.- Seleccionar el menú del lado derecho que tiene por nombre Dashboard Firmas,"Muestra la pantalla de una gráfica con el total de firmas,Firmas concluidas Firmas en proceso Firmas disponibles Firmas expiradas Firmas canceladas El sistemFiarm mause csotrna eerlr otírtulo que",No Ejecutado
Expediente pantalla Dashboard Firmas,PF_CP_160,Validación de la pantalla del menú Dashboard Firmas,1.- Seleccionar la gráfica en cada uno de los colores,representa de cada color y la cantidad de cada uno.,No Ejecutado
